run,lane,tag,sample_accession_number,sanger_sample_id,nice_sample_id,species,background,ploidy,cross,cross_rep,selection,selection_rep,time,clone,sample,population,coverage,ftp_submission_reads
8616,5,6,ERS169291,R1_HU_T2,,Saccharomyces cerevisiae,WAxNA,diploid,F12,1,HU,1,2,,WAxNA_F12_1_HU_1_T2,WAxNA_F12_1_HU_1,43.2909551,ftp://ftp.sra.ebi.ac.uk/vol1/ERA182/ERA182294/bam/8616_5#6.bam
8939,1,6,ERS169291,R1_HU_T2,,Saccharomyces cerevisiae,WAxNA,diploid,F12,1,HU,1,2,,WAxNA_F12_1_HU_1_T2,WAxNA_F12_1_HU_1,46.35822907,ftp://ftp.sra.ebi.ac.uk/vol1/ERA195/ERA195404/bam/8939_1#6.bam
8616,5,18,ERS169307,R1_HU_T4,,Saccharomyces cerevisiae,WAxNA,diploid,F12,1,HU,1,4,,WAxNA_F12_1_HU_1_T4,WAxNA_F12_1_HU_1,41.4028403,ftp://ftp.sra.ebi.ac.uk/vol1/ERA182/ERA182294/bam/8616_5#18.bam
8939,1,18,ERS169307,R1_HU_T4,,Saccharomyces cerevisiae,WAxNA,diploid,F12,1,HU,1,4,,WAxNA_F12_1_HU_1_T4,WAxNA_F12_1_HU_1,44.83632854,ftp://ftp.sra.ebi.ac.uk/vol1/ERA195/ERA195404/bam/8939_1#18.bam
8616,5,29,ERS169319,R1_HU_T8,,Saccharomyces cerevisiae,WAxNA,diploid,F12,1,HU,1,8,,WAxNA_F12_1_HU_1_T8,WAxNA_F12_1_HU_1,40.80239016,ftp://ftp.sra.ebi.ac.uk/vol1/ERA182/ERA182294/bam/8616_5#29.bam
8939,1,29,ERS169319,R1_HU_T8,,Saccharomyces cerevisiae,WAxNA,diploid,F12,1,HU,1,8,,WAxNA_F12_1_HU_1_T8,WAxNA_F12_1_HU_1,44.6400846,ftp://ftp.sra.ebi.ac.uk/vol1/ERA195/ERA195404/bam/8939_1#29.bam
8616,5,40,ERS169330,R1_HU_T16,,Saccharomyces cerevisiae,WAxNA,diploid,F12,1,HU,1,16,,WAxNA_F12_1_HU_1_T16,WAxNA_F12_1_HU_1,47.81443442,ftp://ftp.sra.ebi.ac.uk/vol1/ERA182/ERA182294/bam/8616_5#40.bam
8939,1,40,ERS169330,R1_HU_T16,,Saccharomyces cerevisiae,WAxNA,diploid,F12,1,HU,1,16,,WAxNA_F12_1_HU_1_T16,WAxNA_F12_1_HU_1,51.79291177,ftp://ftp.sra.ebi.ac.uk/vol1/ERA195/ERA195404/bam/8939_1#40.bam
11823,1,47,ERS364086,2787STDY5607149,YGL1327,Saccharomyces cerevisiae,WAxNA,diploid,F12,1,HU,1,32,1,WAxNA_F12_1_HU_1_T32_C1,WAxNA_F12_1_HU_1,28.79503212,ftp://ftp.sra.ebi.ac.uk/vol1/ERA291/ERA291805/cram/11823_1#47.cram
11823,1,48,ERS364087,2787STDY5607150,YGL1330,Saccharomyces cerevisiae,WAxNA,diploid,F12,1,HU,1,32,2,WAxNA_F12_1_HU_1_T32_C2,WAxNA_F12_1_HU_1,27.11630729,ftp://ftp.sra.ebi.ac.uk/vol1/ERA291/ERA291805/cram/11823_1#48.cram
8616,5,52,ERS169342,R1_HU_T32,,Saccharomyces cerevisiae,WAxNA,diploid,F12,1,HU,1,32,,WAxNA_F12_1_HU_1_T32,WAxNA_F12_1_HU_1,42.00392017,ftp://ftp.sra.ebi.ac.uk/vol1/ERA182/ERA182294/bam/8616_5#52.bam
8939,1,52,ERS169342,R1_HU_T32,,Saccharomyces cerevisiae,WAxNA,diploid,F12,1,HU,1,32,,WAxNA_F12_1_HU_1_T32,WAxNA_F12_1_HU_1,45.27037482,ftp://ftp.sra.ebi.ac.uk/vol1/ERA195/ERA195404/bam/8939_1#52.bam
11823,1,27,ERS364053,2787STDY5607116,,Saccharomyces cerevisiae,WAxNA,diploid,F12,1,HU,2,2,,WAxNA_F12_1_HU_2_T2,WAxNA_F12_1_HU_2,29.23610526,ftp://ftp.sra.ebi.ac.uk/vol1/ERA291/ERA291805/cram/11823_1#27.cram
14893,4,18,ERS364053,2787STDY5607116,,Saccharomyces cerevisiae,WAxNA,diploid,F12,1,HU,2,2,,WAxNA_F12_1_HU_2_T2,WAxNA_F12_1_HU_2,74.24372383,ftp://ftp.sra.ebi.ac.uk/vol1/ERA414/ERA414364/cram/14893_4#18.cram
11823,1,31,ERS364057,2787STDY5607120,,Saccharomyces cerevisiae,WAxNA,diploid,F12,1,HU,2,4,,WAxNA_F12_1_HU_2_T4,WAxNA_F12_1_HU_2,24.46348913,ftp://ftp.sra.ebi.ac.uk/vol1/ERA291/ERA291805/cram/11823_1#31.cram
14893,4,22,ERS364057,2787STDY5607120,,Saccharomyces cerevisiae,WAxNA,diploid,F12,1,HU,2,4,,WAxNA_F12_1_HU_2_T4,WAxNA_F12_1_HU_2,79.64908165,ftp://ftp.sra.ebi.ac.uk/vol1/ERA414/ERA414364/cram/14893_4#22.cram
11823,1,35,ERS364061,2787STDY5607124,,Saccharomyces cerevisiae,WAxNA,diploid,F12,1,HU,2,8,,WAxNA_F12_1_HU_2_T8,WAxNA_F12_1_HU_2,30.31708033,ftp://ftp.sra.ebi.ac.uk/vol1/ERA291/ERA291805/cram/11823_1#35.cram
14893,4,26,ERS364061,2787STDY5607124,,Saccharomyces cerevisiae,WAxNA,diploid,F12,1,HU,2,8,,WAxNA_F12_1_HU_2_T8,WAxNA_F12_1_HU_2,75.2494995,ftp://ftp.sra.ebi.ac.uk/vol1/ERA414/ERA414364/cram/14893_4#26.cram
11822,2,76,ERS364065,2787STDY5607128,,Saccharomyces cerevisiae,WAxNA,diploid,F12,1,HU,2,16,,WAxNA_F12_1_HU_2_T16,WAxNA_F12_1_HU_2,90.90065487,ftp://ftp.sra.ebi.ac.uk/vol1/ERA291/ERA291805/cram/11822_2#76.cram
11823,1,69,ERS364255,2787STDY5623205,YGL1433,Saccharomyces cerevisiae,WAxNA,diploid,F12,1,HU,2,32,1,WAxNA_F12_1_HU_2_T32_C1,WAxNA_F12_1_HU_2,28.99357581,ftp://ftp.sra.ebi.ac.uk/vol1/ERA291/ERA291805/cram/11823_1#69.cram
11823,1,70,ERS364256,2787STDY5623206,YGL1434,Saccharomyces cerevisiae,WAxNA,diploid,F12,1,HU,2,32,2,WAxNA_F12_1_HU_2_T32_C2,WAxNA_F12_1_HU_2,28.71977172,ftp://ftp.sra.ebi.ac.uk/vol1/ERA291/ERA291805/cram/11823_1#70.cram
11823,1,92,ERS369977,2787STDY5644704,,Saccharomyces cerevisiae,WAxNA,diploid,F12,1,HU,2,32,,WAxNA_F12_1_HU_2_T32,WAxNA_F12_1_HU_2,30.46550655,ftp://ftp.sra.ebi.ac.uk/vol1/ERA291/ERA291805/cram/11823_1#92.cram
14893,4,36,ERS369977,2787STDY5644704,,Saccharomyces cerevisiae,WAxNA,diploid,F12,1,HU,2,32,,WAxNA_F12_1_HU_2_T32,WAxNA_F12_1_HU_2,71.05958065,ftp://ftp.sra.ebi.ac.uk/vol1/ERA414/ERA414364/cram/14893_4#36.cram
11823,1,6,ERS364013,2787STDY5607076,,Saccharomyces cerevisiae,WAxNA,diploid,F12,1,HU,3,2,,WAxNA_F12_1_HU_3_T2,WAxNA_F12_1_HU_3,33.04415899,ftp://ftp.sra.ebi.ac.uk/vol1/ERA291/ERA291805/cram/11823_1#6.cram
14893,4,5,ERS364013,2787STDY5607076,,Saccharomyces cerevisiae,WAxNA,diploid,F12,1,HU,3,2,,WAxNA_F12_1_HU_3_T2,WAxNA_F12_1_HU_3,105.0928733,ftp://ftp.sra.ebi.ac.uk/vol1/ERA414/ERA414364/cram/14893_4#5.cram
11823,1,13,ERS364021,2787STDY5607084,,Saccharomyces cerevisiae,WAxNA,diploid,F12,1,HU,3,4,,WAxNA_F12_1_HU_3_T4,WAxNA_F12_1_HU_3,26.85233766,ftp://ftp.sra.ebi.ac.uk/vol1/ERA291/ERA291805/cram/11823_1#13.cram
14893,4,10,ERS364021,2787STDY5607084,,Saccharomyces cerevisiae,WAxNA,diploid,F12,1,HU,3,4,,WAxNA_F12_1_HU_3_T4,WAxNA_F12_1_HU_3,67.27932613,ftp://ftp.sra.ebi.ac.uk/vol1/ERA414/ERA414364/cram/14893_4#10.cram
11823,1,20,ERS364029,2787STDY5607092,,Saccharomyces cerevisiae,WAxNA,diploid,F12,1,HU,3,8,,WAxNA_F12_1_HU_3_T8,WAxNA_F12_1_HU_3,26.43696193,ftp://ftp.sra.ebi.ac.uk/vol1/ERA291/ERA291805/cram/11823_1#20.cram
14893,4,15,ERS364029,2787STDY5607092,,Saccharomyces cerevisiae,WAxNA,diploid,F12,1,HU,3,8,,WAxNA_F12_1_HU_3_T8,WAxNA_F12_1_HU_3,85.7187782,ftp://ftp.sra.ebi.ac.uk/vol1/ERA414/ERA414364/cram/14893_4#15.cram
11823,1,90,ERS369975,2787STDY5644702,,Saccharomyces cerevisiae,WAxNA,diploid,F12,1,HU,3,16,,WAxNA_F12_1_HU_3_T16,WAxNA_F12_1_HU_3,33.13384035,ftp://ftp.sra.ebi.ac.uk/vol1/ERA291/ERA291805/cram/11823_1#90.cram
14893,4,34,ERS369975,2787STDY5644702,,Saccharomyces cerevisiae,WAxNA,diploid,F12,1,HU,3,16,,WAxNA_F12_1_HU_3_T16,WAxNA_F12_1_HU_3,69.0949193,ftp://ftp.sra.ebi.ac.uk/vol1/ERA414/ERA414364/cram/14893_4#34.cram
11823,1,79,ERS364265,2787STDY5623215,YGL1443,Saccharomyces cerevisiae,WAxNA,diploid,F12,1,HU,3,32,1,WAxNA_F12_1_HU_3_T32_C1,WAxNA_F12_1_HU_3,31.6474298,ftp://ftp.sra.ebi.ac.uk/vol1/ERA291/ERA291805/cram/11823_1#79.cram
11823,1,80,ERS364266,2787STDY5623216,YGL1444,Saccharomyces cerevisiae,WAxNA,diploid,F12,1,HU,3,32,2,WAxNA_F12_1_HU_3_T32_C2,WAxNA_F12_1_HU_3,28.48340333,ftp://ftp.sra.ebi.ac.uk/vol1/ERA291/ERA291805/cram/11823_1#80.cram
11823,1,81,ERS364267,2787STDY5623217,YGL1445,Saccharomyces cerevisiae,WAxNA,diploid,F12,1,HU,3,32,3,WAxNA_F12_1_HU_3_T32_C3,WAxNA_F12_1_HU_3,35.99339477,ftp://ftp.sra.ebi.ac.uk/vol1/ERA291/ERA291805/cram/11823_1#81.cram
11823,1,82,ERS364268,2787STDY5623218,YGL1446,Saccharomyces cerevisiae,WAxNA,diploid,F12,1,HU,3,32,4,WAxNA_F12_1_HU_3_T32_C4,WAxNA_F12_1_HU_3,36.00842818,ftp://ftp.sra.ebi.ac.uk/vol1/ERA291/ERA291805/cram/11823_1#82.cram
11823,1,83,ERS364269,2787STDY5623219,YGL1447,Saccharomyces cerevisiae,WAxNA,diploid,F12,1,HU,3,32,5,WAxNA_F12_1_HU_3_T32_C5,WAxNA_F12_1_HU_3,30.2972968,ftp://ftp.sra.ebi.ac.uk/vol1/ERA291/ERA291805/cram/11823_1#83.cram
11823,1,84,ERS364270,2787STDY5623220,YGL1448,Saccharomyces cerevisiae,WAxNA,diploid,F12,1,HU,3,32,6,WAxNA_F12_1_HU_3_T32_C6,WAxNA_F12_1_HU_3,34.53711067,ftp://ftp.sra.ebi.ac.uk/vol1/ERA291/ERA291805/cram/11823_1#84.cram
11822,2,70,ERS364045,2787STDY5607108,,Saccharomyces cerevisiae,WAxNA,diploid,F12,1,HU,3,32,,WAxNA_F12_1_HU_3_T32,WAxNA_F12_1_HU_3,82.26473339,ftp://ftp.sra.ebi.ac.uk/vol1/ERA291/ERA291805/cram/11822_2#70.cram
8616,5,5,ERS169290,R1_RA_T2,,Saccharomyces cerevisiae,WAxNA,diploid,F12,1,RM,1,2,,WAxNA_F12_1_RM_1_T2,WAxNA_F12_1_RM_1,48.55534618,ftp://ftp.sra.ebi.ac.uk/vol1/ERA182/ERA182294/bam/8616_5#5.bam
8939,1,5,ERS169290,R1_RA_T2,,Saccharomyces cerevisiae,WAxNA,diploid,F12,1,RM,1,2,,WAxNA_F12_1_RM_1_T2,WAxNA_F12_1_RM_1,50.58279247,ftp://ftp.sra.ebi.ac.uk/vol1/ERA195/ERA195404/bam/8939_1#5.bam
8616,5,17,ERS169306,R1_RA_T4,,Saccharomyces cerevisiae,WAxNA,diploid,F12,1,RM,1,4,,WAxNA_F12_1_RM_1_T4,WAxNA_F12_1_RM_1,49.9530099,ftp://ftp.sra.ebi.ac.uk/vol1/ERA182/ERA182294/bam/8616_5#17.bam
8939,1,17,ERS169306,R1_RA_T4,,Saccharomyces cerevisiae,WAxNA,diploid,F12,1,RM,1,4,,WAxNA_F12_1_RM_1_T4,WAxNA_F12_1_RM_1,52.2494161,ftp://ftp.sra.ebi.ac.uk/vol1/ERA195/ERA195404/bam/8939_1#17.bam
8616,5,28,ERS169318,R1_RA_T8,,Saccharomyces cerevisiae,WAxNA,diploid,F12,1,RM,1,8,,WAxNA_F12_1_RM_1_T8,WAxNA_F12_1_RM_1,58.22515071,ftp://ftp.sra.ebi.ac.uk/vol1/ERA182/ERA182294/bam/8616_5#28.bam
8939,1,28,ERS169318,R1_RA_T8,,Saccharomyces cerevisiae,WAxNA,diploid,F12,1,RM,1,8,,WAxNA_F12_1_RM_1_T8,WAxNA_F12_1_RM_1,61.49725303,ftp://ftp.sra.ebi.ac.uk/vol1/ERA195/ERA195404/bam/8939_1#28.bam
8616,5,39,ERS169329,R1_RA_T16,,Saccharomyces cerevisiae,WAxNA,diploid,F12,1,RM,1,16,,WAxNA_F12_1_RM_1_T16,WAxNA_F12_1_RM_1,42.34990786,ftp://ftp.sra.ebi.ac.uk/vol1/ERA182/ERA182294/bam/8616_5#39.bam
8939,1,39,ERS169329,R1_RA_T16,,Saccharomyces cerevisiae,WAxNA,diploid,F12,1,RM,1,16,,WAxNA_F12_1_RM_1_T16,WAxNA_F12_1_RM_1,44.78148111,ftp://ftp.sra.ebi.ac.uk/vol1/ERA195/ERA195404/bam/8939_1#39.bam
11823,1,44,ERS364083,2787STDY5607146,YGL1309,Saccharomyces cerevisiae,WAxNA,haploid,F12,1,RM,1,32,1,WAxNA_F12_1_RM_1_T32_C1,WAxNA_F12_1_RM_1,28.26667688,ftp://ftp.sra.ebi.ac.uk/vol1/ERA291/ERA291805/cram/11823_1#44.cram
11823,1,45,ERS364084,2787STDY5607147,YGL1312,Saccharomyces cerevisiae,WAxNA,diploid,F12,1,RM,1,32,2,WAxNA_F12_1_RM_1_T32_C2,WAxNA_F12_1_RM_1,31.31033463,ftp://ftp.sra.ebi.ac.uk/vol1/ERA291/ERA291805/cram/11823_1#45.cram
11823,1,46,ERS364085,2787STDY5607148,YGL1315,Saccharomyces cerevisiae,WAxNA,diploid,F12,1,RM,1,32,3,WAxNA_F12_1_RM_1_T32_C3,WAxNA_F12_1_RM_1,31.15550067,ftp://ftp.sra.ebi.ac.uk/vol1/ERA291/ERA291805/cram/11823_1#46.cram
8616,5,51,ERS169341,R1_RA_T32,,Saccharomyces cerevisiae,WAxNA,diploid,F12,1,RM,1,32,,WAxNA_F12_1_RM_1_T32,WAxNA_F12_1_RM_1,46.70081339,ftp://ftp.sra.ebi.ac.uk/vol1/ERA182/ERA182294/bam/8616_5#51.bam
8939,1,51,ERS169341,R1_RA_T32,,Saccharomyces cerevisiae,WAxNA,diploid,F12,1,RM,1,32,,WAxNA_F12_1_RM_1_T32,WAxNA_F12_1_RM_1,49.62542467,ftp://ftp.sra.ebi.ac.uk/vol1/ERA195/ERA195404/bam/8939_1#51.bam
11823,1,25,ERS364051,2787STDY5607114,,Saccharomyces cerevisiae,WAxNA,diploid,F12,1,RM,2,2,,WAxNA_F12_1_RM_2_T2,WAxNA_F12_1_RM_2,26.44443922,ftp://ftp.sra.ebi.ac.uk/vol1/ERA291/ERA291805/cram/11823_1#25.cram
14893,4,16,ERS364051,2787STDY5607114,,Saccharomyces cerevisiae,WAxNA,diploid,F12,1,RM,2,2,,WAxNA_F12_1_RM_2_T2,WAxNA_F12_1_RM_2,89.60091284,ftp://ftp.sra.ebi.ac.uk/vol1/ERA414/ERA414364/cram/14893_4#16.cram
11823,1,29,ERS364055,2787STDY5607118,,Saccharomyces cerevisiae,WAxNA,diploid,F12,1,RM,2,4,,WAxNA_F12_1_RM_2_T4,WAxNA_F12_1_RM_2,29.33426616,ftp://ftp.sra.ebi.ac.uk/vol1/ERA291/ERA291805/cram/11823_1#29.cram
14893,4,20,ERS364055,2787STDY5607118,,Saccharomyces cerevisiae,WAxNA,diploid,F12,1,RM,2,4,,WAxNA_F12_1_RM_2_T4,WAxNA_F12_1_RM_2,82.38788701,ftp://ftp.sra.ebi.ac.uk/vol1/ERA414/ERA414364/cram/14893_4#20.cram
11823,1,33,ERS364059,2787STDY5607122,,Saccharomyces cerevisiae,WAxNA,diploid,F12,1,RM,2,8,,WAxNA_F12_1_RM_2_T8,WAxNA_F12_1_RM_2,26.7823655,ftp://ftp.sra.ebi.ac.uk/vol1/ERA291/ERA291805/cram/11823_1#33.cram
14893,4,24,ERS364059,2787STDY5607122,,Saccharomyces cerevisiae,WAxNA,diploid,F12,1,RM,2,8,,WAxNA_F12_1_RM_2_T8,WAxNA_F12_1_RM_2,79.610842,ftp://ftp.sra.ebi.ac.uk/vol1/ERA414/ERA414364/cram/14893_4#24.cram
11822,2,74,ERS364063,2787STDY5607126,,Saccharomyces cerevisiae,WAxNA,diploid,F12,1,RM,2,16,,WAxNA_F12_1_RM_2_T16,WAxNA_F12_1_RM_2,89.04430334,ftp://ftp.sra.ebi.ac.uk/vol1/ERA291/ERA291805/cram/11822_2#74.cram
11823,1,58,ERS364098,2787STDY5607161,YGL1421,Saccharomyces cerevisiae,WAxNA,diploid,F12,1,RM,2,32,1,WAxNA_F12_1_RM_2_T32_C1,WAxNA_F12_1_RM_2,27.72773903,ftp://ftp.sra.ebi.ac.uk/vol1/ERA291/ERA291805/cram/11823_1#58.cram
11823,1,59,ERS364099,2787STDY5607162,YGL1422,Saccharomyces cerevisiae,WAxNA,diploid,F12,1,RM,2,32,2,WAxNA_F12_1_RM_2_T32_C2,WAxNA_F12_1_RM_2,29.40371468,ftp://ftp.sra.ebi.ac.uk/vol1/ERA291/ERA291805/cram/11823_1#59.cram
11823,1,62,ERS364102,2787STDY5607165,YGL1425,Saccharomyces cerevisiae,WAxNA,diploid,F12,1,RM,2,32,3,WAxNA_F12_1_RM_2_T32_C3,WAxNA_F12_1_RM_2,28.18535479,ftp://ftp.sra.ebi.ac.uk/vol1/ERA291/ERA291805/cram/11823_1#62.cram
11823,1,63,ERS364248,2787STDY5623198,YGL1426,Saccharomyces cerevisiae,WAxNA,diploid,F12,1,RM,2,32,4,WAxNA_F12_1_RM_2_T32_C4,WAxNA_F12_1_RM_2,29.31039575,ftp://ftp.sra.ebi.ac.uk/vol1/ERA291/ERA291805/cram/11823_1#63.cram
11823,1,64,ERS364249,2787STDY5623199,YGL1427,Saccharomyces cerevisiae,WAxNA,diploid,F12,1,RM,2,32,5,WAxNA_F12_1_RM_2_T32_C5,WAxNA_F12_1_RM_2,27.45992013,ftp://ftp.sra.ebi.ac.uk/vol1/ERA291/ERA291805/cram/11823_1#64.cram
11823,1,65,ERS364250,2787STDY5623200,YGL1428,Saccharomyces cerevisiae,WAxNA,diploid,F12,1,RM,2,32,6,WAxNA_F12_1_RM_2_T32_C6,WAxNA_F12_1_RM_2,31.49509399,ftp://ftp.sra.ebi.ac.uk/vol1/ERA291/ERA291805/cram/11823_1#65.cram
11822,2,78,ERS364067,2787STDY5607130,,Saccharomyces cerevisiae,WAxNA,diploid,F12,1,RM,2,32,,WAxNA_F12_1_RM_2_T32,WAxNA_F12_1_RM_2,95.48565292,ftp://ftp.sra.ebi.ac.uk/vol1/ERA291/ERA291805/cram/11822_2#78.cram
11823,1,2,ERS364009,2787STDY5607072,,Saccharomyces cerevisiae,WAxNA,diploid,F12,1,RM,3,2,,WAxNA_F12_1_RM_3_T2,WAxNA_F12_1_RM_3,35.29248133,ftp://ftp.sra.ebi.ac.uk/vol1/ERA291/ERA291805/cram/11823_1#2.cram
14893,4,1,ERS364009,2787STDY5607072,,Saccharomyces cerevisiae,WAxNA,diploid,F12,1,RM,3,2,,WAxNA_F12_1_RM_3_T2,WAxNA_F12_1_RM_3,95.076923,ftp://ftp.sra.ebi.ac.uk/vol1/ERA414/ERA414364/cram/14893_4#1.cram
11823,1,9,ERS364017,2787STDY5607080,,Saccharomyces cerevisiae,WAxNA,diploid,F12,1,RM,3,4,,WAxNA_F12_1_RM_3_T4,WAxNA_F12_1_RM_3,30.74278524,ftp://ftp.sra.ebi.ac.uk/vol1/ERA291/ERA291805/cram/11823_1#9.cram
14893,4,6,ERS364017,2787STDY5607080,,Saccharomyces cerevisiae,WAxNA,diploid,F12,1,RM,3,4,,WAxNA_F12_1_RM_3_T4,WAxNA_F12_1_RM_3,107.3114166,ftp://ftp.sra.ebi.ac.uk/vol1/ERA414/ERA414364/cram/14893_4#6.cram
11823,1,16,ERS364025,2787STDY5607088,,Saccharomyces cerevisiae,WAxNA,diploid,F12,1,RM,3,8,,WAxNA_F12_1_RM_3_T8,WAxNA_F12_1_RM_3,28.35540007,ftp://ftp.sra.ebi.ac.uk/vol1/ERA291/ERA291805/cram/11823_1#16.cram
14893,4,11,ERS364025,2787STDY5607088,,Saccharomyces cerevisiae,WAxNA,diploid,F12,1,RM,3,8,,WAxNA_F12_1_RM_3_T8,WAxNA_F12_1_RM_3,73.49863496,ftp://ftp.sra.ebi.ac.uk/vol1/ERA414/ERA414364/cram/14893_4#11.cram
11822,2,60,ERS364033,2787STDY5607096,,Saccharomyces cerevisiae,WAxNA,diploid,F12,1,RM,3,16,,WAxNA_F12_1_RM_3_T16,WAxNA_F12_1_RM_3,93.68847657,ftp://ftp.sra.ebi.ac.uk/vol1/ERA291/ERA291805/cram/11822_2#60.cram
11823,1,75,ERS364261,2787STDY5623211,YGL1439,Saccharomyces cerevisiae,WAxNA,diploid,F12,1,RM,3,32,1,WAxNA_F12_1_RM_3_T32_C1,WAxNA_F12_1_RM_3,31.83883369,ftp://ftp.sra.ebi.ac.uk/vol1/ERA291/ERA291805/cram/11823_1#75.cram
11823,1,76,ERS364262,2787STDY5623212,YGL1440,Saccharomyces cerevisiae,WAxNA,diploid,F12,1,RM,3,32,2,WAxNA_F12_1_RM_3_T32_C2,WAxNA_F12_1_RM_3,35.78953561,ftp://ftp.sra.ebi.ac.uk/vol1/ERA291/ERA291805/cram/11823_1#76.cram
11823,1,77,ERS364263,2787STDY5623213,YGL1441,Saccharomyces cerevisiae,WAxNA,diploid,F12,1,RM,3,32,3,WAxNA_F12_1_RM_3_T32_C3,WAxNA_F12_1_RM_3,28.34073876,ftp://ftp.sra.ebi.ac.uk/vol1/ERA291/ERA291805/cram/11823_1#77.cram
11822,2,66,ERS364041,2787STDY5607104,,Saccharomyces cerevisiae,WAxNA,diploid,F12,1,RM,3,32,,WAxNA_F12_1_RM_3_T32,WAxNA_F12_1_RM_3,90.30257941,ftp://ftp.sra.ebi.ac.uk/vol1/ERA291/ERA291805/cram/11822_2#66.cram
11823,1,3,ERS364010,2787STDY5607073,,Saccharomyces cerevisiae,WAxNA,diploid,F12,1,RM,4,2,,WAxNA_F12_1_RM_4_T2,WAxNA_F12_1_RM_4,37.3550883,ftp://ftp.sra.ebi.ac.uk/vol1/ERA291/ERA291805/cram/11823_1#3.cram
14893,4,2,ERS364010,2787STDY5607073,,Saccharomyces cerevisiae,WAxNA,diploid,F12,1,RM,4,2,,WAxNA_F12_1_RM_4_T2,WAxNA_F12_1_RM_4,103.3885389,ftp://ftp.sra.ebi.ac.uk/vol1/ERA414/ERA414364/cram/14893_4#2.cram
11823,1,10,ERS364018,2787STDY5607081,,Saccharomyces cerevisiae,WAxNA,diploid,F12,1,RM,4,4,,WAxNA_F12_1_RM_4_T4,WAxNA_F12_1_RM_4,27.64317423,ftp://ftp.sra.ebi.ac.uk/vol1/ERA291/ERA291805/cram/11823_1#10.cram
14893,4,7,ERS364018,2787STDY5607081,,Saccharomyces cerevisiae,WAxNA,diploid,F12,1,RM,4,4,,WAxNA_F12_1_RM_4_T4,WAxNA_F12_1_RM_4,100.6801041,ftp://ftp.sra.ebi.ac.uk/vol1/ERA414/ERA414364/cram/14893_4#7.cram
11823,1,17,ERS364026,2787STDY5607089,,Saccharomyces cerevisiae,WAxNA,diploid,F12,1,RM,4,8,,WAxNA_F12_1_RM_4_T8,WAxNA_F12_1_RM_4,27.99097703,ftp://ftp.sra.ebi.ac.uk/vol1/ERA291/ERA291805/cram/11823_1#17.cram
14893,4,12,ERS364026,2787STDY5607089,,Saccharomyces cerevisiae,WAxNA,diploid,F12,1,RM,4,8,,WAxNA_F12_1_RM_4_T8,WAxNA_F12_1_RM_4,79.92081117,ftp://ftp.sra.ebi.ac.uk/vol1/ERA414/ERA414364/cram/14893_4#12.cram
11822,2,61,ERS364034,2787STDY5607097,,Saccharomyces cerevisiae,WAxNA,diploid,F12,1,RM,4,16,,WAxNA_F12_1_RM_4_T16,WAxNA_F12_1_RM_4,97.12492139,ftp://ftp.sra.ebi.ac.uk/vol1/ERA291/ERA291805/cram/11822_2#61.cram
11822,2,67,ERS364042,2787STDY5607105,,Saccharomyces cerevisiae,WAxNA,diploid,F12,1,RM,4,32,,WAxNA_F12_1_RM_4_T32,WAxNA_F12_1_RM_4,91.27004637,ftp://ftp.sra.ebi.ac.uk/vol1/ERA291/ERA291805/cram/11822_2#67.cram
8616,5,1,ERS169285,R1_MO_T0,,Saccharomyces cerevisiae,WAxNA,diploid,F12,1,YPD,1,0,,WAxNA_F12_1_YPD_1_T0,WAxNA_F12_1_YPD_1,46.33388989,ftp://ftp.sra.ebi.ac.uk/vol1/ERA182/ERA182294/bam/8616_5#1.bam
8939,1,1,ERS169285,R1_MO_T0,,Saccharomyces cerevisiae,WAxNA,diploid,F12,1,YPD,1,0,,WAxNA_F12_1_YPD_1_T0,WAxNA_F12_1_YPD_1,48.47358239,ftp://ftp.sra.ebi.ac.uk/vol1/ERA195/ERA195404/bam/8939_1#1.bam
8616,5,3,ERS169287,R1_MO_T2,,Saccharomyces cerevisiae,WAxNA,diploid,F12,1,YPD,1,2,,WAxNA_F12_1_YPD_1_T2,WAxNA_F12_1_YPD_1,54.2937254,ftp://ftp.sra.ebi.ac.uk/vol1/ERA182/ERA182294/bam/8616_5#3.bam
8939,1,3,ERS169287,R1_MO_T2,,Saccharomyces cerevisiae,WAxNA,diploid,F12,1,YPD,1,2,,WAxNA_F12_1_YPD_1_T2,WAxNA_F12_1_YPD_1,57.26886947,ftp://ftp.sra.ebi.ac.uk/vol1/ERA195/ERA195404/bam/8939_1#3.bam
8616,5,15,ERS169304,R1_MO_T4,,Saccharomyces cerevisiae,WAxNA,diploid,F12,1,YPD,1,4,,WAxNA_F12_1_YPD_1_T4,WAxNA_F12_1_YPD_1,45.73639547,ftp://ftp.sra.ebi.ac.uk/vol1/ERA182/ERA182294/bam/8616_5#15.bam
8939,1,15,ERS169304,R1_MO_T4,,Saccharomyces cerevisiae,WAxNA,diploid,F12,1,YPD,1,4,,WAxNA_F12_1_YPD_1_T4,WAxNA_F12_1_YPD_1,47.82445424,ftp://ftp.sra.ebi.ac.uk/vol1/ERA195/ERA195404/bam/8939_1#15.bam
8616,5,37,ERS169327,R1_MO_T16,,Saccharomyces cerevisiae,WAxNA,diploid,F12,1,YPD,1,16,,WAxNA_F12_1_YPD_1_T16,WAxNA_F12_1_YPD_1,38.79815208,ftp://ftp.sra.ebi.ac.uk/vol1/ERA182/ERA182294/bam/8616_5#37.bam
8939,1,37,ERS169327,R1_MO_T16,,Saccharomyces cerevisiae,WAxNA,diploid,F12,1,YPD,1,16,,WAxNA_F12_1_YPD_1_T16,WAxNA_F12_1_YPD_1,41.53135509,ftp://ftp.sra.ebi.ac.uk/vol1/ERA195/ERA195404/bam/8939_1#37.bam
8616,5,49,ERS169339,R1_MO_T32,,Saccharomyces cerevisiae,WAxNA,diploid,F12,1,YPD,1,32,,WAxNA_F12_1_YPD_1_T32,WAxNA_F12_1_YPD_1,44.17651558,ftp://ftp.sra.ebi.ac.uk/vol1/ERA182/ERA182294/bam/8616_5#49.bam
8939,1,49,ERS169339,R1_MO_T32,,Saccharomyces cerevisiae,WAxNA,diploid,F12,1,YPD,1,32,,WAxNA_F12_1_YPD_1_T32,WAxNA_F12_1_YPD_1,47.31493675,ftp://ftp.sra.ebi.ac.uk/vol1/ERA195/ERA195404/bam/8939_1#49.bam
11823,1,1,ERS364007,2787STDY5607070,,Saccharomyces cerevisiae,WAxNA,diploid,F12,1,YPD,2,0,,WAxNA_F12_1_YPD_2_T0,WAxNA_F12_1_YPD_2,36.06414573,ftp://ftp.sra.ebi.ac.uk/vol1/ERA291/ERA291805/cram/11823_1#1.cram
11823,1,23,ERS364049,2787STDY5607112,,Saccharomyces cerevisiae,WAxNA,diploid,F12,1,YPD,2,32,,WAxNA_F12_1_YPD_2_T32,WAxNA_F12_1_YPD_2,29.92335393,ftp://ftp.sra.ebi.ac.uk/vol1/ERA291/ERA291805/cram/11823_1#23.cram
6738,5,1,ERS041750,Ura3_1,,Saccharomyces cerevisiae,WAxNA,haploid,F12,1,YPD,,0,1,WAxNA_F12_1_YPD_T0_C1,WAxNA_F12_1_YPD,18.97737466,ftp://ftp.sra.ebi.ac.uk/vol1/ERA067/ERA067565/bam/6738_5#1.bam
6738,5,2,ERS041751,Ura3_2,,Saccharomyces cerevisiae,WAxNA,haploid,F12,1,YPD,,0,2,WAxNA_F12_1_YPD_T0_C2,WAxNA_F12_1_YPD,18.23390843,ftp://ftp.sra.ebi.ac.uk/vol1/ERA067/ERA067565/bam/6738_5#2.bam
6738,5,3,ERS041752,Ura3_3,,Saccharomyces cerevisiae,WAxNA,haploid,F12,1,YPD,,0,3,WAxNA_F12_1_YPD_T0_C3,WAxNA_F12_1_YPD,20.21699146,ftp://ftp.sra.ebi.ac.uk/vol1/ERA067/ERA067565/bam/6738_5#3.bam
6738,5,4,ERS041753,Ura3_4,,Saccharomyces cerevisiae,WAxNA,haploid,F12,1,YPD,,0,4,WAxNA_F12_1_YPD_T0_C4,WAxNA_F12_1_YPD,17.55347283,ftp://ftp.sra.ebi.ac.uk/vol1/ERA067/ERA067565/bam/6738_5#4.bam
6738,5,5,ERS041754,Ura3_5,,Saccharomyces cerevisiae,WAxNA,haploid,F12,1,YPD,,0,5,WAxNA_F12_1_YPD_T0_C5,WAxNA_F12_1_YPD,15.3152203,ftp://ftp.sra.ebi.ac.uk/vol1/ERA067/ERA067565/bam/6738_5#5.bam
6738,5,6,ERS041755,Ura3_6,,Saccharomyces cerevisiae,WAxNA,haploid,F12,1,YPD,,0,6,WAxNA_F12_1_YPD_T0_C6,WAxNA_F12_1_YPD,15.95677684,ftp://ftp.sra.ebi.ac.uk/vol1/ERA067/ERA067565/bam/6738_5#6.bam
6738,5,7,ERS041756,Ura3_7,,Saccharomyces cerevisiae,WAxNA,haploid,F12,1,YPD,,0,7,WAxNA_F12_1_YPD_T0_C7,WAxNA_F12_1_YPD,15.75305766,ftp://ftp.sra.ebi.ac.uk/vol1/ERA067/ERA067565/bam/6738_5#7.bam
6738,5,8,ERS041757,Ura3_8,,Saccharomyces cerevisiae,WAxNA,haploid,F12,1,YPD,,0,8,WAxNA_F12_1_YPD_T0_C8,WAxNA_F12_1_YPD,29.92672672,ftp://ftp.sra.ebi.ac.uk/vol1/ERA067/ERA067565/bam/6738_5#8.bam
6738,5,9,ERS041758,Ura3_9,,Saccharomyces cerevisiae,WAxNA,haploid,F12,1,YPD,,0,9,WAxNA_F12_1_YPD_T0_C9,WAxNA_F12_1_YPD,14.09175247,ftp://ftp.sra.ebi.ac.uk/vol1/ERA067/ERA067565/bam/6738_5#9.bam
6738,5,10,ERS041759,Ura3_10,,Saccharomyces cerevisiae,WAxNA,haploid,F12,1,YPD,,0,10,WAxNA_F12_1_YPD_T0_C10,WAxNA_F12_1_YPD,21.51098752,ftp://ftp.sra.ebi.ac.uk/vol1/ERA067/ERA067565/bam/6738_5#10.bam
6738,5,11,ERS041760,Ura3_11,,Saccharomyces cerevisiae,WAxNA,diploid,F12,1,YPD,,0,11,WAxNA_F12_1_YPD_T0_C11,WAxNA_F12_1_YPD,23.55821733,ftp://ftp.sra.ebi.ac.uk/vol1/ERA067/ERA067565/bam/6738_5#11.bam
6738,5,12,ERS041761,Ura3_13,,Saccharomyces cerevisiae,WAxNA,haploid,F12,1,YPD,,0,12,WAxNA_F12_1_YPD_T0_C12,WAxNA_F12_1_YPD,34.24292708,ftp://ftp.sra.ebi.ac.uk/vol1/ERA067/ERA067565/bam/6738_5#12.bam
6738,5,13,ERS041762,Ura3_14,,Saccharomyces cerevisiae,WAxNA,haploid,F12,1,YPD,,0,13,WAxNA_F12_1_YPD_T0_C13,WAxNA_F12_1_YPD,16.83410119,ftp://ftp.sra.ebi.ac.uk/vol1/ERA067/ERA067565/bam/6738_5#13.bam
6738,5,14,ERS041763,Ura3_15,,Saccharomyces cerevisiae,WAxNA,haploid,F12,1,YPD,,0,14,WAxNA_F12_1_YPD_T0_C14,WAxNA_F12_1_YPD,13.07049984,ftp://ftp.sra.ebi.ac.uk/vol1/ERA067/ERA067565/bam/6738_5#14.bam
6738,5,15,ERS041764,Ura3_16,,Saccharomyces cerevisiae,WAxNA,haploid,F12,1,YPD,,0,15,WAxNA_F12_1_YPD_T0_C15,WAxNA_F12_1_YPD,13.74027111,ftp://ftp.sra.ebi.ac.uk/vol1/ERA067/ERA067565/bam/6738_5#15.bam
6738,5,16,ERS041765,Ura3_17,,Saccharomyces cerevisiae,WAxNA,haploid,F12,1,YPD,,0,16,WAxNA_F12_1_YPD_T0_C16,WAxNA_F12_1_YPD,22.55439137,ftp://ftp.sra.ebi.ac.uk/vol1/ERA067/ERA067565/bam/6738_5#16.bam
6738,5,17,ERS041766,Ura3_18,,Saccharomyces cerevisiae,WAxNA,haploid,F12,1,YPD,,0,17,WAxNA_F12_1_YPD_T0_C17,WAxNA_F12_1_YPD,21.51035778,ftp://ftp.sra.ebi.ac.uk/vol1/ERA067/ERA067565/bam/6738_5#17.bam
6738,5,18,ERS041767,Ura3_19,,Saccharomyces cerevisiae,WAxNA,haploid,F12,1,YPD,,0,18,WAxNA_F12_1_YPD_T0_C18,WAxNA_F12_1_YPD,14.07721055,ftp://ftp.sra.ebi.ac.uk/vol1/ERA067/ERA067565/bam/6738_5#18.bam
6738,5,19,ERS041768,Ura3_21,,Saccharomyces cerevisiae,WAxNA,haploid,F12,1,YPD,,0,19,WAxNA_F12_1_YPD_T0_C19,WAxNA_F12_1_YPD,13.69418729,ftp://ftp.sra.ebi.ac.uk/vol1/ERA067/ERA067565/bam/6738_5#19.bam
6738,5,20,ERS041769,Ura3_22,,Saccharomyces cerevisiae,WAxNA,haploid,F12,1,YPD,,0,20,WAxNA_F12_1_YPD_T0_C20,WAxNA_F12_1_YPD,13.37453493,ftp://ftp.sra.ebi.ac.uk/vol1/ERA067/ERA067565/bam/6738_5#20.bam
6738,5,21,ERS041770,Ura3_24,,Saccharomyces cerevisiae,WAxNA,haploid,F12,1,YPD,,0,21,WAxNA_F12_1_YPD_T0_C21,WAxNA_F12_1_YPD,21.06932662,ftp://ftp.sra.ebi.ac.uk/vol1/ERA067/ERA067565/bam/6738_5#21.bam
6738,5,22,ERS041771,Ura3_25,,Saccharomyces cerevisiae,WAxNA,haploid,F12,1,YPD,,0,22,WAxNA_F12_1_YPD_T0_C22,WAxNA_F12_1_YPD,14.63061895,ftp://ftp.sra.ebi.ac.uk/vol1/ERA067/ERA067565/bam/6738_5#22.bam
6738,5,23,ERS041772,Ura3_26,,Saccharomyces cerevisiae,WAxNA,haploid,F12,1,YPD,,0,23,WAxNA_F12_1_YPD_T0_C23,WAxNA_F12_1_YPD,14.48582928,ftp://ftp.sra.ebi.ac.uk/vol1/ERA067/ERA067565/bam/6738_5#23.bam
6738,5,24,ERS041773,Ura3_27,,Saccharomyces cerevisiae,WAxNA,haploid,F12,1,YPD,,0,24,WAxNA_F12_1_YPD_T0_C24,WAxNA_F12_1_YPD,25.98327444,ftp://ftp.sra.ebi.ac.uk/vol1/ERA067/ERA067565/bam/6738_5#24.bam
6738,5,25,ERS041774,Ura3_28,,Saccharomyces cerevisiae,WAxNA,haploid,F12,1,YPD,,0,25,WAxNA_F12_1_YPD_T0_C25,WAxNA_F12_1_YPD,13.35852543,ftp://ftp.sra.ebi.ac.uk/vol1/ERA067/ERA067565/bam/6738_5#25.bam
6738,5,26,ERS041775,Ura3_29,,Saccharomyces cerevisiae,WAxNA,haploid,F12,1,YPD,,0,26,WAxNA_F12_1_YPD_T0_C26,WAxNA_F12_1_YPD,13.19711544,ftp://ftp.sra.ebi.ac.uk/vol1/ERA067/ERA067565/bam/6738_5#26.bam
6738,5,27,ERS041776,Ura3_30,,Saccharomyces cerevisiae,WAxNA,haploid,F12,1,YPD,,0,27,WAxNA_F12_1_YPD_T0_C27,WAxNA_F12_1_YPD,16.52150358,ftp://ftp.sra.ebi.ac.uk/vol1/ERA067/ERA067565/bam/6738_5#27.bam
6738,5,28,ERS041777,Ura3_32,,Saccharomyces cerevisiae,WAxNA,haploid,F12,1,YPD,,0,28,WAxNA_F12_1_YPD_T0_C28,WAxNA_F12_1_YPD,13.01751639,ftp://ftp.sra.ebi.ac.uk/vol1/ERA067/ERA067565/bam/6738_5#28.bam
6738,5,29,ERS041778,Ura3_33,,Saccharomyces cerevisiae,WAxNA,haploid,F12,1,YPD,,0,29,WAxNA_F12_1_YPD_T0_C29,WAxNA_F12_1_YPD,11.84247021,ftp://ftp.sra.ebi.ac.uk/vol1/ERA067/ERA067565/bam/6738_5#29.bam
6738,5,30,ERS041779,Ura3_34,,Saccharomyces cerevisiae,WAxNA,haploid,F12,1,YPD,,0,30,WAxNA_F12_1_YPD_T0_C30,WAxNA_F12_1_YPD,11.52777198,ftp://ftp.sra.ebi.ac.uk/vol1/ERA067/ERA067565/bam/6738_5#30.bam
6738,5,31,ERS041780,Ura3_35,,Saccharomyces cerevisiae,WAxNA,haploid,F12,1,YPD,,0,31,WAxNA_F12_1_YPD_T0_C31,WAxNA_F12_1_YPD,11.91314503,ftp://ftp.sra.ebi.ac.uk/vol1/ERA067/ERA067565/bam/6738_5#31.bam
6738,5,32,ERS041781,Ura3_36,,Saccharomyces cerevisiae,WAxNA,haploid,F12,1,YPD,,0,32,WAxNA_F12_1_YPD_T0_C32,WAxNA_F12_1_YPD,13.27752138,ftp://ftp.sra.ebi.ac.uk/vol1/ERA067/ERA067565/bam/6738_5#32.bam
6738,5,33,ERS041782,Ura3_37,,Saccharomyces cerevisiae,WAxNA,haploid,F12,1,YPD,,0,33,WAxNA_F12_1_YPD_T0_C33,WAxNA_F12_1_YPD,11.39001246,ftp://ftp.sra.ebi.ac.uk/vol1/ERA067/ERA067565/bam/6738_5#33.bam
6738,5,34,ERS041783,Ura3_38,,Saccharomyces cerevisiae,WAxNA,haploid,F12,1,YPD,,0,34,WAxNA_F12_1_YPD_T0_C34,WAxNA_F12_1_YPD,12.20606807,ftp://ftp.sra.ebi.ac.uk/vol1/ERA067/ERA067565/bam/6738_5#34.bam
6738,5,35,ERS041784,Ura3_39,,Saccharomyces cerevisiae,WAxNA,haploid,F12,1,YPD,,0,35,WAxNA_F12_1_YPD_T0_C35,WAxNA_F12_1_YPD,29.13168457,ftp://ftp.sra.ebi.ac.uk/vol1/ERA067/ERA067565/bam/6738_5#35.bam
6738,5,36,ERS041785,Ura3_40,,Saccharomyces cerevisiae,WAxNA,haploid,F12,1,YPD,,0,36,WAxNA_F12_1_YPD_T0_C36,WAxNA_F12_1_YPD,24.21750417,ftp://ftp.sra.ebi.ac.uk/vol1/ERA067/ERA067565/bam/6738_5#36.bam
6738,5,37,ERS041786,Ura3_41,,Saccharomyces cerevisiae,WAxNA,diploid,F12,1,YPD,,0,37,WAxNA_F12_1_YPD_T0_C37,WAxNA_F12_1_YPD,13.86549088,ftp://ftp.sra.ebi.ac.uk/vol1/ERA067/ERA067565/bam/6738_5#37.bam
6738,5,38,ERS041787,Ura3_42,,Saccharomyces cerevisiae,WAxNA,haploid,F12,1,YPD,,0,38,WAxNA_F12_1_YPD_T0_C38,WAxNA_F12_1_YPD,15.61898393,ftp://ftp.sra.ebi.ac.uk/vol1/ERA067/ERA067565/bam/6738_5#38.bam
6738,5,39,ERS041788,Ura3_43,,Saccharomyces cerevisiae,WAxNA,haploid,F12,1,YPD,,0,39,WAxNA_F12_1_YPD_T0_C39,WAxNA_F12_1_YPD,9.408820453,ftp://ftp.sra.ebi.ac.uk/vol1/ERA067/ERA067565/bam/6738_5#39.bam
6738,5,40,ERS041789,Ura3_44,,Saccharomyces cerevisiae,WAxNA,haploid,F12,1,YPD,,0,40,WAxNA_F12_1_YPD_T0_C40,WAxNA_F12_1_YPD,13.55555904,ftp://ftp.sra.ebi.ac.uk/vol1/ERA067/ERA067565/bam/6738_5#40.bam
6738,5,41,ERS041790,Ura3_45,,Saccharomyces cerevisiae,WAxNA,haploid,F12,1,YPD,,0,41,WAxNA_F12_1_YPD_T0_C41,WAxNA_F12_1_YPD,14.08068057,ftp://ftp.sra.ebi.ac.uk/vol1/ERA067/ERA067565/bam/6738_5#41.bam
6738,5,42,ERS041791,Ura3_46,,Saccharomyces cerevisiae,WAxNA,haploid,F12,1,YPD,,0,42,WAxNA_F12_1_YPD_T0_C42,WAxNA_F12_1_YPD,15.19510395,ftp://ftp.sra.ebi.ac.uk/vol1/ERA067/ERA067565/bam/6738_5#42.bam
6738,5,43,ERS041792,Ura3_47,,Saccharomyces cerevisiae,WAxNA,diploid,F12,1,YPD,,0,43,WAxNA_F12_1_YPD_T0_C43,WAxNA_F12_1_YPD,16.66077515,ftp://ftp.sra.ebi.ac.uk/vol1/ERA067/ERA067565/bam/6738_5#43.bam
6738,5,44,ERS041793,Ura3_48,,Saccharomyces cerevisiae,WAxNA,diploid,F12,1,YPD,,0,44,WAxNA_F12_1_YPD_T0_C44,WAxNA_F12_1_YPD,11.82980813,ftp://ftp.sra.ebi.ac.uk/vol1/ERA067/ERA067565/bam/6738_5#44.bam
6738,5,45,ERS041794,Ura3_49,,Saccharomyces cerevisiae,WAxNA,haploid,F12,1,YPD,,0,45,WAxNA_F12_1_YPD_T0_C45,WAxNA_F12_1_YPD,9.517308938,ftp://ftp.sra.ebi.ac.uk/vol1/ERA067/ERA067565/bam/6738_5#45.bam
6738,5,46,ERS041795,Ura3_50,,Saccharomyces cerevisiae,WAxNA,haploid,F12,1,YPD,,0,46,WAxNA_F12_1_YPD_T0_C46,WAxNA_F12_1_YPD,22.12120048,ftp://ftp.sra.ebi.ac.uk/vol1/ERA067/ERA067565/bam/6738_5#46.bam
6738,5,47,ERS041796,Ura3_51,,Saccharomyces cerevisiae,WAxNA,haploid,F12,1,YPD,,0,47,WAxNA_F12_1_YPD_T0_C47,WAxNA_F12_1_YPD,22.86960065,ftp://ftp.sra.ebi.ac.uk/vol1/ERA067/ERA067565/bam/6738_5#47.bam
6738,5,48,ERS041797,Ura3_52,,Saccharomyces cerevisiae,WAxNA,haploid,F12,1,YPD,,0,48,WAxNA_F12_1_YPD_T0_C48,WAxNA_F12_1_YPD,24.0208638,ftp://ftp.sra.ebi.ac.uk/vol1/ERA067/ERA067565/bam/6738_5#48.bam
6738,5,49,ERS041798,Ura3_53,,Saccharomyces cerevisiae,WAxNA,diploid,F12,1,YPD,,0,49,WAxNA_F12_1_YPD_T0_C49,WAxNA_F12_1_YPD,22.45151291,ftp://ftp.sra.ebi.ac.uk/vol1/ERA067/ERA067565/bam/6738_5#49.bam
6738,5,50,ERS041799,Ura3_54,,Saccharomyces cerevisiae,WAxNA,haploid,F12,1,YPD,,0,50,WAxNA_F12_1_YPD_T0_C50,WAxNA_F12_1_YPD,20.06482748,ftp://ftp.sra.ebi.ac.uk/vol1/ERA067/ERA067565/bam/6738_5#50.bam
6738,5,51,ERS041800,Ura3_55,,Saccharomyces cerevisiae,WAxNA,haploid,F12,1,YPD,,0,51,WAxNA_F12_1_YPD_T0_C51,WAxNA_F12_1_YPD,14.15296558,ftp://ftp.sra.ebi.ac.uk/vol1/ERA067/ERA067565/bam/6738_5#51.bam
6738,5,52,ERS041801,Ura3_56,,Saccharomyces cerevisiae,WAxNA,haploid,F12,1,YPD,,0,52,WAxNA_F12_1_YPD_T0_C52,WAxNA_F12_1_YPD,15.10685637,ftp://ftp.sra.ebi.ac.uk/vol1/ERA067/ERA067565/bam/6738_5#52.bam
6738,5,53,ERS041802,Ura3_57,,Saccharomyces cerevisiae,WAxNA,haploid,F12,1,YPD,,0,53,WAxNA_F12_1_YPD_T0_C53,WAxNA_F12_1_YPD,14.86516855,ftp://ftp.sra.ebi.ac.uk/vol1/ERA067/ERA067565/bam/6738_5#53.bam
6738,5,54,ERS041803,Ura3_58,,Saccharomyces cerevisiae,WAxNA,diploid,F12,1,YPD,,0,54,WAxNA_F12_1_YPD_T0_C54,WAxNA_F12_1_YPD,15.08120227,ftp://ftp.sra.ebi.ac.uk/vol1/ERA067/ERA067565/bam/6738_5#54.bam
6738,5,55,ERS041804,Ura3_59,,Saccharomyces cerevisiae,WAxNA,haploid,F12,1,YPD,,0,55,WAxNA_F12_1_YPD_T0_C55,WAxNA_F12_1_YPD,13.61600552,ftp://ftp.sra.ebi.ac.uk/vol1/ERA067/ERA067565/bam/6738_5#55.bam
6738,5,56,ERS041805,Ura3_60,,Saccharomyces cerevisiae,WAxNA,haploid,F12,1,YPD,,0,56,WAxNA_F12_1_YPD_T0_C56,WAxNA_F12_1_YPD,12.22105499,ftp://ftp.sra.ebi.ac.uk/vol1/ERA067/ERA067565/bam/6738_5#56.bam
6738,5,57,ERS041806,Ura3_61,,Saccharomyces cerevisiae,WAxNA,haploid,F12,1,YPD,,0,57,WAxNA_F12_1_YPD_T0_C57,WAxNA_F12_1_YPD,14.66521332,ftp://ftp.sra.ebi.ac.uk/vol1/ERA067/ERA067565/bam/6738_5#57.bam
6738,5,58,ERS041807,Ura3_62,,Saccharomyces cerevisiae,WAxNA,haploid,F12,1,YPD,,0,58,WAxNA_F12_1_YPD_T0_C58,WAxNA_F12_1_YPD,15.50289322,ftp://ftp.sra.ebi.ac.uk/vol1/ERA067/ERA067565/bam/6738_5#58.bam
6738,5,59,ERS041808,Ura3_63,,Saccharomyces cerevisiae,WAxNA,diploid,F12,1,YPD,,0,59,WAxNA_F12_1_YPD_T0_C59,WAxNA_F12_1_YPD,18.64970825,ftp://ftp.sra.ebi.ac.uk/vol1/ERA067/ERA067565/bam/6738_5#59.bam
6738,5,60,ERS041809,Ura3_64,,Saccharomyces cerevisiae,WAxNA,haploid,F12,1,YPD,,0,60,WAxNA_F12_1_YPD_T0_C60,WAxNA_F12_1_YPD,36.60111191,ftp://ftp.sra.ebi.ac.uk/vol1/ERA067/ERA067565/bam/6738_5#60.bam
6738,5,61,ERS041810,Ura3_65,,Saccharomyces cerevisiae,WAxNA,haploid,F12,1,YPD,,0,61,WAxNA_F12_1_YPD_T0_C61,WAxNA_F12_1_YPD,18.50396276,ftp://ftp.sra.ebi.ac.uk/vol1/ERA067/ERA067565/bam/6738_5#61.bam
6738,5,62,ERS041811,Ura3_66,,Saccharomyces cerevisiae,WAxNA,haploid,F12,1,YPD,,0,62,WAxNA_F12_1_YPD_T0_C62,WAxNA_F12_1_YPD,12.96377208,ftp://ftp.sra.ebi.ac.uk/vol1/ERA067/ERA067565/bam/6738_5#62.bam
6738,5,63,ERS041812,Ura3_67,,Saccharomyces cerevisiae,WAxNA,diploid,F12,1,YPD,,0,63,WAxNA_F12_1_YPD_T0_C63,WAxNA_F12_1_YPD,11.69635965,ftp://ftp.sra.ebi.ac.uk/vol1/ERA067/ERA067565/bam/6738_5#63.bam
6738,5,64,ERS041813,Ura3_68,,Saccharomyces cerevisiae,WAxNA,haploid,F12,1,YPD,,0,64,WAxNA_F12_1_YPD_T0_C64,WAxNA_F12_1_YPD,12.36239107,ftp://ftp.sra.ebi.ac.uk/vol1/ERA067/ERA067565/bam/6738_5#64.bam
6738,5,65,ERS041814,Ura3_69,,Saccharomyces cerevisiae,WAxNA,haploid,F12,1,YPD,,0,65,WAxNA_F12_1_YPD_T0_C65,WAxNA_F12_1_YPD,14.2348328,ftp://ftp.sra.ebi.ac.uk/vol1/ERA067/ERA067565/bam/6738_5#65.bam
6738,5,66,ERS041815,Ura3_70,,Saccharomyces cerevisiae,WAxNA,haploid,F12,1,YPD,,0,66,WAxNA_F12_1_YPD_T0_C66,WAxNA_F12_1_YPD,12.79797638,ftp://ftp.sra.ebi.ac.uk/vol1/ERA067/ERA067565/bam/6738_5#66.bam
6738,5,67,ERS041816,Ura3_71,,Saccharomyces cerevisiae,WAxNA,haploid,F12,1,YPD,,0,67,WAxNA_F12_1_YPD_T0_C67,WAxNA_F12_1_YPD,12.09188728,ftp://ftp.sra.ebi.ac.uk/vol1/ERA067/ERA067565/bam/6738_5#67.bam
6738,5,68,ERS041817,Ura3_72,,Saccharomyces cerevisiae,WAxNA,haploid,F12,1,YPD,,0,68,WAxNA_F12_1_YPD_T0_C68,WAxNA_F12_1_YPD,15.47633611,ftp://ftp.sra.ebi.ac.uk/vol1/ERA067/ERA067565/bam/6738_5#68.bam
6738,5,69,ERS041818,Ura3_73,,Saccharomyces cerevisiae,WAxNA,haploid,F12,1,YPD,,0,69,WAxNA_F12_1_YPD_T0_C69,WAxNA_F12_1_YPD,9.475996122,ftp://ftp.sra.ebi.ac.uk/vol1/ERA067/ERA067565/bam/6738_5#69.bam
6738,5,70,ERS041819,Ura3_74,,Saccharomyces cerevisiae,WAxNA,haploid,F12,1,YPD,,0,70,WAxNA_F12_1_YPD_T0_C70,WAxNA_F12_1_YPD,20.1365868,ftp://ftp.sra.ebi.ac.uk/vol1/ERA067/ERA067565/bam/6738_5#70.bam
6738,5,71,ERS041820,Ura3_75,,Saccharomyces cerevisiae,WAxNA,haploid,F12,1,YPD,,0,71,WAxNA_F12_1_YPD_T0_C71,WAxNA_F12_1_YPD,13.86182865,ftp://ftp.sra.ebi.ac.uk/vol1/ERA067/ERA067565/bam/6738_5#71.bam
6738,5,72,ERS041821,Ura3_76,,Saccharomyces cerevisiae,WAxNA,diploid,F12,1,YPD,,0,72,WAxNA_F12_1_YPD_T0_C72,WAxNA_F12_1_YPD,20.18088449,ftp://ftp.sra.ebi.ac.uk/vol1/ERA067/ERA067565/bam/6738_5#72.bam
6738,5,73,ERS041822,Ura3_77,,Saccharomyces cerevisiae,WAxNA,haploid,F12,1,YPD,,0,73,WAxNA_F12_1_YPD_T0_C73,WAxNA_F12_1_YPD,15.3631812,ftp://ftp.sra.ebi.ac.uk/vol1/ERA067/ERA067565/bam/6738_5#73.bam
6738,5,74,ERS041823,Ura3_78,,Saccharomyces cerevisiae,WAxNA,haploid,F12,1,YPD,,0,74,WAxNA_F12_1_YPD_T0_C74,WAxNA_F12_1_YPD,23.79040417,ftp://ftp.sra.ebi.ac.uk/vol1/ERA067/ERA067565/bam/6738_5#74.bam
6738,5,75,ERS041824,Ura3_79,,Saccharomyces cerevisiae,WAxNA,haploid,F12,1,YPD,,0,75,WAxNA_F12_1_YPD_T0_C75,WAxNA_F12_1_YPD,20.57146343,ftp://ftp.sra.ebi.ac.uk/vol1/ERA067/ERA067565/bam/6738_5#75.bam
6738,5,76,ERS041825,Ura3_80,,Saccharomyces cerevisiae,WAxNA,haploid,F12,1,YPD,,0,76,WAxNA_F12_1_YPD_T0_C76,WAxNA_F12_1_YPD,11.80952629,ftp://ftp.sra.ebi.ac.uk/vol1/ERA067/ERA067565/bam/6738_5#76.bam
6738,5,77,ERS041826,Ura3_81,,Saccharomyces cerevisiae,WAxNA,haploid,F12,1,YPD,,0,77,WAxNA_F12_1_YPD_T0_C77,WAxNA_F12_1_YPD,17.98235909,ftp://ftp.sra.ebi.ac.uk/vol1/ERA067/ERA067565/bam/6738_5#77.bam
6738,5,78,ERS041827,Ura3_82,,Saccharomyces cerevisiae,WAxNA,haploid,F12,1,YPD,,0,78,WAxNA_F12_1_YPD_T0_C78,WAxNA_F12_1_YPD,11.18625215,ftp://ftp.sra.ebi.ac.uk/vol1/ERA067/ERA067565/bam/6738_5#78.bam
6738,5,79,ERS041828,Ura3_83,,Saccharomyces cerevisiae,WAxNA,haploid,F12,1,YPD,,0,79,WAxNA_F12_1_YPD_T0_C79,WAxNA_F12_1_YPD,11.40397798,ftp://ftp.sra.ebi.ac.uk/vol1/ERA067/ERA067565/bam/6738_5#79.bam
6738,5,80,ERS041829,Ura3_84,,Saccharomyces cerevisiae,WAxNA,haploid,F12,1,YPD,,0,80,WAxNA_F12_1_YPD_T0_C80,WAxNA_F12_1_YPD,12.14040037,ftp://ftp.sra.ebi.ac.uk/vol1/ERA067/ERA067565/bam/6738_5#80.bam
6738,5,81,ERS041830,Ura3_85,,Saccharomyces cerevisiae,WAxNA,haploid,F12,1,YPD,,0,81,WAxNA_F12_1_YPD_T0_C81,WAxNA_F12_1_YPD,16.30821816,ftp://ftp.sra.ebi.ac.uk/vol1/ERA067/ERA067565/bam/6738_5#81.bam
6738,5,82,ERS041831,Ura3_86,,Saccharomyces cerevisiae,WAxNA,haploid,F12,1,YPD,,0,82,WAxNA_F12_1_YPD_T0_C82,WAxNA_F12_1_YPD,12.99910271,ftp://ftp.sra.ebi.ac.uk/vol1/ERA067/ERA067565/bam/6738_5#82.bam
6738,5,83,ERS041832,Ura3_87,,Saccharomyces cerevisiae,WAxNA,diploid,F12,1,YPD,,0,83,WAxNA_F12_1_YPD_T0_C83,WAxNA_F12_1_YPD,18.3617306,ftp://ftp.sra.ebi.ac.uk/vol1/ERA067/ERA067565/bam/6738_5#83.bam
6738,5,84,ERS041833,Ura3_120,,Saccharomyces cerevisiae,WAxNA,haploid,F12,1,YPD,,0,84,WAxNA_F12_1_YPD_T0_C84,WAxNA_F12_1_YPD,21.30295343,ftp://ftp.sra.ebi.ac.uk/vol1/ERA067/ERA067565/bam/6738_5#84.bam
6738,5,85,ERS041834,Ura3_121,,Saccharomyces cerevisiae,WAxNA,haploid,F12,1,YPD,,0,85,WAxNA_F12_1_YPD_T0_C85,WAxNA_F12_1_YPD,16.04285329,ftp://ftp.sra.ebi.ac.uk/vol1/ERA067/ERA067565/bam/6738_5#85.bam
6738,5,86,ERS041835,Ura3_122,,Saccharomyces cerevisiae,WAxNA,haploid,F12,1,YPD,,0,86,WAxNA_F12_1_YPD_T0_C86,WAxNA_F12_1_YPD,34.49968175,ftp://ftp.sra.ebi.ac.uk/vol1/ERA067/ERA067565/bam/6738_5#86.bam
6738,5,87,ERS041836,Ura3_123,,Saccharomyces cerevisiae,WAxNA,haploid,F12,1,YPD,,0,87,WAxNA_F12_1_YPD_T0_C87,WAxNA_F12_1_YPD,18.4191949,ftp://ftp.sra.ebi.ac.uk/vol1/ERA067/ERA067565/bam/6738_5#87.bam
6738,5,88,ERS041837,Ura3_124,,Saccharomyces cerevisiae,WAxNA,haploid,F12,1,YPD,,0,88,WAxNA_F12_1_YPD_T0_C88,WAxNA_F12_1_YPD,20.21304466,ftp://ftp.sra.ebi.ac.uk/vol1/ERA067/ERA067565/bam/6738_5#88.bam
6738,5,89,ERS041838,Ura3_126,,Saccharomyces cerevisiae,WAxNA,haploid,F12,1,YPD,,0,89,WAxNA_F12_1_YPD_T0_C89,WAxNA_F12_1_YPD,20.43832263,ftp://ftp.sra.ebi.ac.uk/vol1/ERA067/ERA067565/bam/6738_5#89.bam
6738,5,90,ERS041839,Ura3_127,,Saccharomyces cerevisiae,WAxNA,haploid,F12,1,YPD,,0,90,WAxNA_F12_1_YPD_T0_C90,WAxNA_F12_1_YPD,26.88685835,ftp://ftp.sra.ebi.ac.uk/vol1/ERA067/ERA067565/bam/6738_5#90.bam
6738,5,91,ERS041840,Ura3_128,,Saccharomyces cerevisiae,WAxNA,haploid,F12,1,YPD,,0,91,WAxNA_F12_1_YPD_T0_C91,WAxNA_F12_1_YPD,16.79943406,ftp://ftp.sra.ebi.ac.uk/vol1/ERA067/ERA067565/bam/6738_5#91.bam
6738,5,92,ERS041841,Ura3_129,,Saccharomyces cerevisiae,WAxNA,haploid,F12,1,YPD,,0,92,WAxNA_F12_1_YPD_T0_C92,WAxNA_F12_1_YPD,17.62664679,ftp://ftp.sra.ebi.ac.uk/vol1/ERA067/ERA067565/bam/6738_5#92.bam
6738,5,93,ERS041842,Ura3_130,,Saccharomyces cerevisiae,WAxNA,haploid,F12,1,YPD,,0,93,WAxNA_F12_1_YPD_T0_C93,WAxNA_F12_1_YPD,23.74596233,ftp://ftp.sra.ebi.ac.uk/vol1/ERA067/ERA067565/bam/6738_5#93.bam
6738,5,94,ERS041843,Ura3_131,,Saccharomyces cerevisiae,WAxNA,haploid,F12,1,YPD,,0,94,WAxNA_F12_1_YPD_T0_C94,WAxNA_F12_1_YPD,35.43544414,ftp://ftp.sra.ebi.ac.uk/vol1/ERA067/ERA067565/bam/6738_5#94.bam
6738,5,95,ERS041844,Ura3_132,,Saccharomyces cerevisiae,WAxNA,haploid,F12,1,YPD,,0,95,WAxNA_F12_1_YPD_T0_C95,WAxNA_F12_1_YPD,15.34940199,ftp://ftp.sra.ebi.ac.uk/vol1/ERA067/ERA067565/bam/6738_5#95.bam
6738,5,96,ERS041845,Ura3_133,,Saccharomyces cerevisiae,WAxNA,haploid,F12,1,YPD,,0,96,WAxNA_F12_1_YPD_T0_C96,WAxNA_F12_1_YPD,27.0781024,ftp://ftp.sra.ebi.ac.uk/vol1/ERA067/ERA067565/bam/6738_5#96.bam
8616,5,12,ERS169301,R2_HU_T2,,Saccharomyces cerevisiae,WAxNA,diploid,F12,2,HU,1,2,,WAxNA_F12_2_HU_1_T2,WAxNA_F12_2_HU_1,48.91113989,ftp://ftp.sra.ebi.ac.uk/vol1/ERA182/ERA182294/bam/8616_5#12.bam
8939,1,12,ERS169301,R2_HU_T2,,Saccharomyces cerevisiae,WAxNA,diploid,F12,2,HU,1,2,,WAxNA_F12_2_HU_1_T2,WAxNA_F12_2_HU_1,51.91862473,ftp://ftp.sra.ebi.ac.uk/vol1/ERA195/ERA195404/bam/8939_1#12.bam
8616,5,24,ERS169314,R2_HU_T4,,Saccharomyces cerevisiae,WAxNA,diploid,F12,2,HU,1,4,,WAxNA_F12_2_HU_1_T4,WAxNA_F12_2_HU_1,48.26631983,ftp://ftp.sra.ebi.ac.uk/vol1/ERA182/ERA182294/bam/8616_5#24.bam
8939,1,24,ERS169314,R2_HU_T4,,Saccharomyces cerevisiae,WAxNA,diploid,F12,2,HU,1,4,,WAxNA_F12_2_HU_1_T4,WAxNA_F12_2_HU_1,52.80666583,ftp://ftp.sra.ebi.ac.uk/vol1/ERA195/ERA195404/bam/8939_1#24.bam
8616,5,34,ERS169324,R2_HU_T8,,Saccharomyces cerevisiae,WAxNA,diploid,F12,2,HU,1,8,,WAxNA_F12_2_HU_1_T8,WAxNA_F12_2_HU_1,38.22009691,ftp://ftp.sra.ebi.ac.uk/vol1/ERA182/ERA182294/bam/8616_5#34.bam
8939,1,34,ERS169324,R2_HU_T8,,Saccharomyces cerevisiae,WAxNA,diploid,F12,2,HU,1,8,,WAxNA_F12_2_HU_1_T8,WAxNA_F12_2_HU_1,41.85191777,ftp://ftp.sra.ebi.ac.uk/vol1/ERA195/ERA195404/bam/8939_1#34.bam
8616,5,46,ERS169336,R2_HU_T16,,Saccharomyces cerevisiae,WAxNA,diploid,F12,2,HU,1,16,,WAxNA_F12_2_HU_1_T16,WAxNA_F12_2_HU_1,39.22640153,ftp://ftp.sra.ebi.ac.uk/vol1/ERA182/ERA182294/bam/8616_5#46.bam
8939,1,46,ERS169336,R2_HU_T16,,Saccharomyces cerevisiae,WAxNA,diploid,F12,2,HU,1,16,,WAxNA_F12_2_HU_1_T16,WAxNA_F12_2_HU_1,43.03907476,ftp://ftp.sra.ebi.ac.uk/vol1/ERA195/ERA195404/bam/8939_1#46.bam
11823,1,52,ERS364091,2787STDY5607154,YGL1333,Saccharomyces cerevisiae,WAxNA,diploid,F12,2,HU,1,32,1,WAxNA_F12_2_HU_1_T32_C1,WAxNA_F12_2_HU_1,32.32427458,ftp://ftp.sra.ebi.ac.uk/vol1/ERA291/ERA291805/cram/11823_1#52.cram
11823,1,53,ERS364092,2787STDY5607155,YGL1336,Saccharomyces cerevisiae,WAxNA,diploid,F12,2,HU,1,32,2,WAxNA_F12_2_HU_1_T32_C2,WAxNA_F12_2_HU_1,28.41577477,ftp://ftp.sra.ebi.ac.uk/vol1/ERA291/ERA291805/cram/11823_1#53.cram
8616,5,58,ERS169348,R2_HU_T32,,Saccharomyces cerevisiae,WAxNA,diploid,F12,2,HU,1,32,,WAxNA_F12_2_HU_1_T32,WAxNA_F12_2_HU_1,44.40624926,ftp://ftp.sra.ebi.ac.uk/vol1/ERA182/ERA182294/bam/8616_5#58.bam
8939,1,58,ERS169348,R2_HU_T32,,Saccharomyces cerevisiae,WAxNA,diploid,F12,2,HU,1,32,,WAxNA_F12_2_HU_1_T32,WAxNA_F12_2_HU_1,47.80129308,ftp://ftp.sra.ebi.ac.uk/vol1/ERA195/ERA195404/bam/8939_1#58.bam
11823,1,28,ERS364054,2787STDY5607117,,Saccharomyces cerevisiae,WAxNA,diploid,F12,2,HU,2,2,,WAxNA_F12_2_HU_2_T2,WAxNA_F12_2_HU_2,30.89837978,ftp://ftp.sra.ebi.ac.uk/vol1/ERA291/ERA291805/cram/11823_1#28.cram
14893,4,19,ERS364054,2787STDY5607117,,Saccharomyces cerevisiae,WAxNA,diploid,F12,2,HU,2,2,,WAxNA_F12_2_HU_2_T2,WAxNA_F12_2_HU_2,74.41489434,ftp://ftp.sra.ebi.ac.uk/vol1/ERA414/ERA414364/cram/14893_4#19.cram
11823,1,32,ERS364058,2787STDY5607121,,Saccharomyces cerevisiae,WAxNA,diploid,F12,2,HU,2,4,,WAxNA_F12_2_HU_2_T4,WAxNA_F12_2_HU_2,27.3584796,ftp://ftp.sra.ebi.ac.uk/vol1/ERA291/ERA291805/cram/11823_1#32.cram
14893,4,23,ERS364058,2787STDY5607121,,Saccharomyces cerevisiae,WAxNA,diploid,F12,2,HU,2,4,,WAxNA_F12_2_HU_2_T4,WAxNA_F12_2_HU_2,78.30213319,ftp://ftp.sra.ebi.ac.uk/vol1/ERA414/ERA414364/cram/14893_4#23.cram
11823,1,36,ERS364062,2787STDY5607125,,Saccharomyces cerevisiae,WAxNA,diploid,F12,2,HU,2,8,,WAxNA_F12_2_HU_2_T8,WAxNA_F12_2_HU_2,28.18406545,ftp://ftp.sra.ebi.ac.uk/vol1/ERA291/ERA291805/cram/11823_1#36.cram
14893,4,27,ERS364062,2787STDY5607125,,Saccharomyces cerevisiae,WAxNA,diploid,F12,2,HU,2,8,,WAxNA_F12_2_HU_2_T8,WAxNA_F12_2_HU_2,69.03208322,ftp://ftp.sra.ebi.ac.uk/vol1/ERA414/ERA414364/cram/14893_4#27.cram
11822,2,77,ERS364066,2787STDY5607129,,Saccharomyces cerevisiae,WAxNA,diploid,F12,2,HU,2,16,,WAxNA_F12_2_HU_2_T16,WAxNA_F12_2_HU_2,81.95757067,ftp://ftp.sra.ebi.ac.uk/vol1/ERA291/ERA291805/cram/11822_2#77.cram
11823,1,71,ERS364257,2787STDY5623207,YGL1435,Saccharomyces cerevisiae,WAxNA,diploid,F12,2,HU,2,32,1,WAxNA_F12_2_HU_2_T32_C1,WAxNA_F12_2_HU_2,28.47155515,ftp://ftp.sra.ebi.ac.uk/vol1/ERA291/ERA291805/cram/11823_1#71.cram
11823,1,72,ERS364258,2787STDY5623208,YGL1436,Saccharomyces cerevisiae,WAxNA,diploid,F12,2,HU,2,32,2,WAxNA_F12_2_HU_2_T32_C2,WAxNA_F12_2_HU_2,26.06093639,ftp://ftp.sra.ebi.ac.uk/vol1/ERA291/ERA291805/cram/11823_1#72.cram
11823,1,73,ERS364259,2787STDY5623209,YGL1437,Saccharomyces cerevisiae,WAxNA,diploid,F12,2,HU,2,32,3,WAxNA_F12_2_HU_2_T32_C3,WAxNA_F12_2_HU_2,33.56417371,ftp://ftp.sra.ebi.ac.uk/vol1/ERA291/ERA291805/cram/11823_1#73.cram
11823,1,74,ERS364260,2787STDY5623210,YGL1438,Saccharomyces cerevisiae,WAxNA,diploid,F12,2,HU,2,32,4,WAxNA_F12_2_HU_2_T32_C4,WAxNA_F12_2_HU_2,33.57553601,ftp://ftp.sra.ebi.ac.uk/vol1/ERA291/ERA291805/cram/11823_1#74.cram
11822,2,80,ERS364070,2787STDY5607133,,Saccharomyces cerevisiae,WAxNA,diploid,F12,2,HU,2,32,,WAxNA_F12_2_HU_2_T32,WAxNA_F12_2_HU_2,88.45828615,ftp://ftp.sra.ebi.ac.uk/vol1/ERA291/ERA291805/cram/11822_2#80.cram
11822,2,57,ERS364014,2787STDY5607077,,Saccharomyces cerevisiae,WAxNA,diploid,F12,2,HU,3,2,,WAxNA_F12_2_HU_3_T2,WAxNA_F12_2_HU_3,88.81117326,ftp://ftp.sra.ebi.ac.uk/vol1/ERA291/ERA291805/cram/11822_2#57.cram
11822,2,58,ERS364022,2787STDY5607085,,Saccharomyces cerevisiae,WAxNA,diploid,F12,2,HU,3,4,,WAxNA_F12_2_HU_3_T4,WAxNA_F12_2_HU_3,80.46228847,ftp://ftp.sra.ebi.ac.uk/vol1/ERA291/ERA291805/cram/11822_2#58.cram
11822,2,59,ERS364030,2787STDY5607093,,Saccharomyces cerevisiae,WAxNA,diploid,F12,2,HU,3,8,,WAxNA_F12_2_HU_3_T8,WAxNA_F12_2_HU_3,83.94965036,ftp://ftp.sra.ebi.ac.uk/vol1/ERA291/ERA291805/cram/11822_2#59.cram
11823,1,91,ERS369976,2787STDY5644703,,Saccharomyces cerevisiae,WAxNA,diploid,F12,2,HU,3,16,,WAxNA_F12_2_HU_3_T16,WAxNA_F12_2_HU_3,31.81081963,ftp://ftp.sra.ebi.ac.uk/vol1/ERA291/ERA291805/cram/11823_1#91.cram
14893,4,35,ERS369976,2787STDY5644703,,Saccharomyces cerevisiae,WAxNA,diploid,F12,2,HU,3,16,,WAxNA_F12_2_HU_3_T16,WAxNA_F12_2_HU_3,72.74617366,ftp://ftp.sra.ebi.ac.uk/vol1/ERA414/ERA414364/cram/14893_4#35.cram
11823,1,85,ERS364271,2787STDY5623221,YGL1449,Saccharomyces cerevisiae,WAxNA,diploid,F12,2,HU,3,32,1,WAxNA_F12_2_HU_3_T32_C1,WAxNA_F12_2_HU_3,32.96417413,ftp://ftp.sra.ebi.ac.uk/vol1/ERA291/ERA291805/cram/11823_1#85.cram
11823,1,86,ERS364273,2787STDY5623223,YGL1451,Saccharomyces cerevisiae,WAxNA,diploid,F12,2,HU,3,32,2,WAxNA_F12_2_HU_3_T32_C2,WAxNA_F12_2_HU_3,32.95967353,ftp://ftp.sra.ebi.ac.uk/vol1/ERA291/ERA291805/cram/11823_1#86.cram
11823,1,87,ERS364274,2787STDY5623224,YGL1452,Saccharomyces cerevisiae,WAxNA,diploid,F12,2,HU,3,32,3,WAxNA_F12_2_HU_3_T32_C3,WAxNA_F12_2_HU_3,28.77325645,ftp://ftp.sra.ebi.ac.uk/vol1/ERA291/ERA291805/cram/11823_1#87.cram
11823,1,88,ERS364275,2787STDY5623225,YGL1453,Saccharomyces cerevisiae,WAxNA,diploid,F12,2,HU,3,32,4,WAxNA_F12_2_HU_3_T32_C4,WAxNA_F12_2_HU_3,27.51573073,ftp://ftp.sra.ebi.ac.uk/vol1/ERA291/ERA291805/cram/11823_1#88.cram
11823,1,89,ERS364276,2787STDY5623226,YGL1454,Saccharomyces cerevisiae,WAxNA,diploid,F12,2,HU,3,32,5,WAxNA_F12_2_HU_3_T32_C5,WAxNA_F12_2_HU_3,32.60583255,ftp://ftp.sra.ebi.ac.uk/vol1/ERA291/ERA291805/cram/11823_1#89.cram
11823,1,95,ERS369980,2787STDY5644707,YGL1450,Saccharomyces cerevisiae,WAxNA,diploid,F12,2,HU,3,32,6,WAxNA_F12_2_HU_3_T32_C6,WAxNA_F12_2_HU_3,30.27708734,ftp://ftp.sra.ebi.ac.uk/vol1/ERA291/ERA291805/cram/11823_1#95.cram
11822,2,71,ERS364046,2787STDY5607109,,Saccharomyces cerevisiae,WAxNA,diploid,F12,2,HU,3,32,,WAxNA_F12_2_HU_3_T32,WAxNA_F12_2_HU_3,82.31518058,ftp://ftp.sra.ebi.ac.uk/vol1/ERA291/ERA291805/cram/11822_2#71.cram
8616,5,11,ERS169300,R2_RA_T2,,Saccharomyces cerevisiae,WAxNA,diploid,F12,2,RM,1,2,,WAxNA_F12_2_RM_1_T2,WAxNA_F12_2_RM_1,54.80918894,ftp://ftp.sra.ebi.ac.uk/vol1/ERA182/ERA182294/bam/8616_5#11.bam
8939,1,11,ERS169300,R2_RA_T2,,Saccharomyces cerevisiae,WAxNA,diploid,F12,2,RM,1,2,,WAxNA_F12_2_RM_1_T2,WAxNA_F12_2_RM_1,59.2524787,ftp://ftp.sra.ebi.ac.uk/vol1/ERA195/ERA195404/bam/8939_1#11.bam
8616,5,23,ERS169313,R2_RA_T4,,Saccharomyces cerevisiae,WAxNA,diploid,F12,2,RM,1,4,,WAxNA_F12_2_RM_1_T4,WAxNA_F12_2_RM_1,53.72734614,ftp://ftp.sra.ebi.ac.uk/vol1/ERA182/ERA182294/bam/8616_5#23.bam
8939,1,23,ERS169313,R2_RA_T4,,Saccharomyces cerevisiae,WAxNA,diploid,F12,2,RM,1,4,,WAxNA_F12_2_RM_1_T4,WAxNA_F12_2_RM_1,56.18841063,ftp://ftp.sra.ebi.ac.uk/vol1/ERA195/ERA195404/bam/8939_1#23.bam
8616,5,33,ERS169323,R2_RA_T8,,Saccharomyces cerevisiae,WAxNA,diploid,F12,2,RM,1,8,,WAxNA_F12_2_RM_1_T8,WAxNA_F12_2_RM_1,47.83086885,ftp://ftp.sra.ebi.ac.uk/vol1/ERA182/ERA182294/bam/8616_5#33.bam
8939,1,33,ERS169323,R2_RA_T8,,Saccharomyces cerevisiae,WAxNA,diploid,F12,2,RM,1,8,,WAxNA_F12_2_RM_1_T8,WAxNA_F12_2_RM_1,50.48375107,ftp://ftp.sra.ebi.ac.uk/vol1/ERA195/ERA195404/bam/8939_1#33.bam
8616,5,45,ERS169335,R2_RA_T16,,Saccharomyces cerevisiae,WAxNA,diploid,F12,2,RM,1,16,,WAxNA_F12_2_RM_1_T16,WAxNA_F12_2_RM_1,40.31283615,ftp://ftp.sra.ebi.ac.uk/vol1/ERA182/ERA182294/bam/8616_5#45.bam
8939,1,45,ERS169335,R2_RA_T16,,Saccharomyces cerevisiae,WAxNA,diploid,F12,2,RM,1,16,,WAxNA_F12_2_RM_1_T16,WAxNA_F12_2_RM_1,43.35169763,ftp://ftp.sra.ebi.ac.uk/vol1/ERA195/ERA195404/bam/8939_1#45.bam
11823,1,49,ERS364088,2787STDY5607151,YGL1318,Saccharomyces cerevisiae,WAxNA,haploid,F12,2,RM,1,32,1,WAxNA_F12_2_RM_1_T32_C1,WAxNA_F12_2_RM_1,30.8576195,ftp://ftp.sra.ebi.ac.uk/vol1/ERA291/ERA291805/cram/11823_1#49.cram
11823,1,50,ERS364089,2787STDY5607152,YGL1321,Saccharomyces cerevisiae,WAxNA,diploid,F12,2,RM,1,32,2,WAxNA_F12_2_RM_1_T32_C2,WAxNA_F12_2_RM_1,29.97921464,ftp://ftp.sra.ebi.ac.uk/vol1/ERA291/ERA291805/cram/11823_1#50.cram
11823,1,51,ERS364090,2787STDY5607153,YGL1324,Saccharomyces cerevisiae,WAxNA,diploid,F12,2,RM,1,32,3,WAxNA_F12_2_RM_1_T32_C3,WAxNA_F12_2_RM_1,29.07910283,ftp://ftp.sra.ebi.ac.uk/vol1/ERA291/ERA291805/cram/11823_1#51.cram
8616,5,57,ERS169347,R2_RA_T32,,Saccharomyces cerevisiae,WAxNA,diploid,F12,2,RM,1,32,,WAxNA_F12_2_RM_1_T32,WAxNA_F12_2_RM_1,43.81380747,ftp://ftp.sra.ebi.ac.uk/vol1/ERA182/ERA182294/bam/8616_5#57.bam
8939,1,57,ERS169347,R2_RA_T32,,Saccharomyces cerevisiae,WAxNA,diploid,F12,2,RM,1,32,,WAxNA_F12_2_RM_1_T32,WAxNA_F12_2_RM_1,46.68641605,ftp://ftp.sra.ebi.ac.uk/vol1/ERA195/ERA195404/bam/8939_1#57.bam
11823,1,26,ERS364052,2787STDY5607115,,Saccharomyces cerevisiae,WAxNA,diploid,F12,2,RM,2,2,,WAxNA_F12_2_RM_2_T2,WAxNA_F12_2_RM_2,28.22176355,ftp://ftp.sra.ebi.ac.uk/vol1/ERA291/ERA291805/cram/11823_1#26.cram
14893,4,17,ERS364052,2787STDY5607115,,Saccharomyces cerevisiae,WAxNA,diploid,F12,2,RM,2,2,,WAxNA_F12_2_RM_2_T2,WAxNA_F12_2_RM_2,83.52676139,ftp://ftp.sra.ebi.ac.uk/vol1/ERA414/ERA414364/cram/14893_4#17.cram
11823,1,30,ERS364056,2787STDY5607119,,Saccharomyces cerevisiae,WAxNA,diploid,F12,2,RM,2,4,,WAxNA_F12_2_RM_2_T4,WAxNA_F12_2_RM_2,28.00871148,ftp://ftp.sra.ebi.ac.uk/vol1/ERA291/ERA291805/cram/11823_1#30.cram
14893,4,21,ERS364056,2787STDY5607119,,Saccharomyces cerevisiae,WAxNA,diploid,F12,2,RM,2,4,,WAxNA_F12_2_RM_2_T4,WAxNA_F12_2_RM_2,81.42644559,ftp://ftp.sra.ebi.ac.uk/vol1/ERA414/ERA414364/cram/14893_4#21.cram
11823,1,34,ERS364060,2787STDY5607123,,Saccharomyces cerevisiae,WAxNA,diploid,F12,2,RM,2,8,,WAxNA_F12_2_RM_2_T8,WAxNA_F12_2_RM_2,27.46648904,ftp://ftp.sra.ebi.ac.uk/vol1/ERA291/ERA291805/cram/11823_1#34.cram
14893,4,25,ERS364060,2787STDY5607123,,Saccharomyces cerevisiae,WAxNA,diploid,F12,2,RM,2,8,,WAxNA_F12_2_RM_2_T8,WAxNA_F12_2_RM_2,78.28811381,ftp://ftp.sra.ebi.ac.uk/vol1/ERA414/ERA414364/cram/14893_4#25.cram
11822,2,75,ERS364064,2787STDY5607127,,Saccharomyces cerevisiae,WAxNA,diploid,F12,2,RM,2,16,,WAxNA_F12_2_RM_2_T16,WAxNA_F12_2_RM_2,94.54397372,ftp://ftp.sra.ebi.ac.uk/vol1/ERA291/ERA291805/cram/11822_2#75.cram
11823,1,60,ERS364100,2787STDY5607163,YGL1423,Saccharomyces cerevisiae,WAxNA,diploid,F12,2,RM,2,32,1,WAxNA_F12_2_RM_2_T32_C1,WAxNA_F12_2_RM_2,30.46564426,ftp://ftp.sra.ebi.ac.uk/vol1/ERA291/ERA291805/cram/11823_1#60.cram
11823,1,61,ERS364101,2787STDY5607164,YGL1424,Saccharomyces cerevisiae,WAxNA,diploid,F12,2,RM,2,32,2,WAxNA_F12_2_RM_2_T32_C2,WAxNA_F12_2_RM_2,30.48401559,ftp://ftp.sra.ebi.ac.uk/vol1/ERA291/ERA291805/cram/11823_1#61.cram
11823,1,66,ERS364251,2787STDY5623201,YGL1429,Saccharomyces cerevisiae,WAxNA,diploid,F12,2,RM,2,32,3,WAxNA_F12_2_RM_2_T32_C3,WAxNA_F12_2_RM_2,31.11516427,ftp://ftp.sra.ebi.ac.uk/vol1/ERA291/ERA291805/cram/11823_1#66.cram
11823,1,67,ERS364252,2787STDY5623202,YGL1430,Saccharomyces cerevisiae,WAxNA,diploid,F12,2,RM,2,32,4,WAxNA_F12_2_RM_2_T32_C4,WAxNA_F12_2_RM_2,32.75085541,ftp://ftp.sra.ebi.ac.uk/vol1/ERA291/ERA291805/cram/11823_1#67.cram
11823,1,68,ERS364254,2787STDY5623204,YGL1432,Saccharomyces cerevisiae,WAxNA,diploid,F12,2,RM,2,32,5,WAxNA_F12_2_RM_2_T32_C5,WAxNA_F12_2_RM_2,30.73789225,ftp://ftp.sra.ebi.ac.uk/vol1/ERA291/ERA291805/cram/11823_1#68.cram
11823,1,94,ERS369979,2787STDY5644706,YGL1431,Saccharomyces cerevisiae,WAxNA,diploid,F12,2,RM,2,32,6,WAxNA_F12_2_RM_2_T32_C6,WAxNA_F12_2_RM_2,31.43407055,ftp://ftp.sra.ebi.ac.uk/vol1/ERA291/ERA291805/cram/11823_1#94.cram
11822,2,79,ERS364068,2787STDY5607131,,Saccharomyces cerevisiae,WAxNA,diploid,F12,2,RM,2,32,,WAxNA_F12_2_RM_2_T32,WAxNA_F12_2_RM_2,96.05778878,ftp://ftp.sra.ebi.ac.uk/vol1/ERA291/ERA291805/cram/11822_2#79.cram
11823,1,4,ERS364011,2787STDY5607074,,Saccharomyces cerevisiae,WAxNA,diploid,F12,2,RM,3,2,,WAxNA_F12_2_RM_3_T2,WAxNA_F12_2_RM_3,35.04212295,ftp://ftp.sra.ebi.ac.uk/vol1/ERA291/ERA291805/cram/11823_1#4.cram
14893,4,3,ERS364011,2787STDY5607074,,Saccharomyces cerevisiae,WAxNA,diploid,F12,2,RM,3,2,,WAxNA_F12_2_RM_3_T2,WAxNA_F12_2_RM_3,115.0534625,ftp://ftp.sra.ebi.ac.uk/vol1/ERA414/ERA414364/cram/14893_4#3.cram
11823,1,11,ERS364019,2787STDY5607082,,Saccharomyces cerevisiae,WAxNA,diploid,F12,2,RM,3,4,,WAxNA_F12_2_RM_3_T4,WAxNA_F12_2_RM_3,31.68769609,ftp://ftp.sra.ebi.ac.uk/vol1/ERA291/ERA291805/cram/11823_1#11.cram
14893,4,8,ERS364019,2787STDY5607082,,Saccharomyces cerevisiae,WAxNA,diploid,F12,2,RM,3,4,,WAxNA_F12_2_RM_3_T4,WAxNA_F12_2_RM_3,96.1055002,ftp://ftp.sra.ebi.ac.uk/vol1/ERA414/ERA414364/cram/14893_4#8.cram
11823,1,18,ERS364027,2787STDY5607090,,Saccharomyces cerevisiae,WAxNA,diploid,F12,2,RM,3,8,,WAxNA_F12_2_RM_3_T8,WAxNA_F12_2_RM_3,26.69936307,ftp://ftp.sra.ebi.ac.uk/vol1/ERA291/ERA291805/cram/11823_1#18.cram
14893,4,13,ERS364027,2787STDY5607090,,Saccharomyces cerevisiae,WAxNA,diploid,F12,2,RM,3,8,,WAxNA_F12_2_RM_3_T8,WAxNA_F12_2_RM_3,89.71029952,ftp://ftp.sra.ebi.ac.uk/vol1/ERA414/ERA414364/cram/14893_4#13.cram
11822,2,62,ERS364035,2787STDY5607098,,Saccharomyces cerevisiae,WAxNA,diploid,F12,2,RM,3,16,,WAxNA_F12_2_RM_3_T16,WAxNA_F12_2_RM_3,98.09275999,ftp://ftp.sra.ebi.ac.uk/vol1/ERA291/ERA291805/cram/11822_2#62.cram
11823,1,78,ERS364264,2787STDY5623214,YGL1442,Saccharomyces cerevisiae,WAxNA,diploid,F12,2,RM,3,32,1,WAxNA_F12_2_RM_3_T32_C1,WAxNA_F12_2_RM_3,26.11740777,ftp://ftp.sra.ebi.ac.uk/vol1/ERA291/ERA291805/cram/11823_1#78.cram
11822,2,68,ERS364043,2787STDY5607106,,Saccharomyces cerevisiae,WAxNA,diploid,F12,2,RM,3,32,,WAxNA_F12_2_RM_3_T32,WAxNA_F12_2_RM_3,92.88365596,ftp://ftp.sra.ebi.ac.uk/vol1/ERA291/ERA291805/cram/11822_2#68.cram
11823,1,5,ERS364012,2787STDY5607075,,Saccharomyces cerevisiae,WAxNA,diploid,F12,2,RM,4,2,,WAxNA_F12_2_RM_4_T2,WAxNA_F12_2_RM_4,36.19174645,ftp://ftp.sra.ebi.ac.uk/vol1/ERA291/ERA291805/cram/11823_1#5.cram
14893,4,4,ERS364012,2787STDY5607075,,Saccharomyces cerevisiae,WAxNA,diploid,F12,2,RM,4,2,,WAxNA_F12_2_RM_4_T2,WAxNA_F12_2_RM_4,106.7568052,ftp://ftp.sra.ebi.ac.uk/vol1/ERA414/ERA414364/cram/14893_4#4.cram
11823,1,12,ERS364020,2787STDY5607083,,Saccharomyces cerevisiae,WAxNA,diploid,F12,2,RM,4,4,,WAxNA_F12_2_RM_4_T4,WAxNA_F12_2_RM_4,28.68785342,ftp://ftp.sra.ebi.ac.uk/vol1/ERA291/ERA291805/cram/11823_1#12.cram
14893,4,9,ERS364020,2787STDY5607083,,Saccharomyces cerevisiae,WAxNA,diploid,F12,2,RM,4,4,,WAxNA_F12_2_RM_4_T4,WAxNA_F12_2_RM_4,73.5566231,ftp://ftp.sra.ebi.ac.uk/vol1/ERA414/ERA414364/cram/14893_4#9.cram
11823,1,19,ERS364028,2787STDY5607091,,Saccharomyces cerevisiae,WAxNA,diploid,F12,2,RM,4,8,,WAxNA_F12_2_RM_4_T8,WAxNA_F12_2_RM_4,27.35229394,ftp://ftp.sra.ebi.ac.uk/vol1/ERA291/ERA291805/cram/11823_1#19.cram
14893,4,14,ERS364028,2787STDY5607091,,Saccharomyces cerevisiae,WAxNA,diploid,F12,2,RM,4,8,,WAxNA_F12_2_RM_4_T8,WAxNA_F12_2_RM_4,84.6594431,ftp://ftp.sra.ebi.ac.uk/vol1/ERA414/ERA414364/cram/14893_4#14.cram
11822,2,63,ERS364036,2787STDY5607099,,Saccharomyces cerevisiae,WAxNA,diploid,F12,2,RM,4,16,,WAxNA_F12_2_RM_4_T16,WAxNA_F12_2_RM_4,91.67106984,ftp://ftp.sra.ebi.ac.uk/vol1/ERA291/ERA291805/cram/11822_2#63.cram
11822,2,69,ERS364044,2787STDY5607107,,Saccharomyces cerevisiae,WAxNA,diploid,F12,2,RM,4,32,,WAxNA_F12_2_RM_4_T32,WAxNA_F12_2_RM_4,90.1808979,ftp://ftp.sra.ebi.ac.uk/vol1/ERA291/ERA291805/cram/11822_2#69.cram
8616,5,2,ERS169286,R2_MO_T0,,Saccharomyces cerevisiae,WAxNA,diploid,F12,2,YPD,1,0,,WAxNA_F12_2_YPD_1_T0,WAxNA_F12_2_YPD_1,55.8186031,ftp://ftp.sra.ebi.ac.uk/vol1/ERA182/ERA182294/bam/8616_5#2.bam
8939,1,2,ERS169286,R2_MO_T0,,Saccharomyces cerevisiae,WAxNA,diploid,F12,2,YPD,1,0,,WAxNA_F12_2_YPD_1_T0,WAxNA_F12_2_YPD_1,59.14601663,ftp://ftp.sra.ebi.ac.uk/vol1/ERA195/ERA195404/bam/8939_1#2.bam
8616,5,9,ERS169298,R2_MO_T2,,Saccharomyces cerevisiae,WAxNA,diploid,F12,2,YPD,1,2,,WAxNA_F12_2_YPD_1_T2,WAxNA_F12_2_YPD_1,49.00616537,ftp://ftp.sra.ebi.ac.uk/vol1/ERA182/ERA182294/bam/8616_5#9.bam
8939,1,9,ERS169298,R2_MO_T2,,Saccharomyces cerevisiae,WAxNA,diploid,F12,2,YPD,1,2,,WAxNA_F12_2_YPD_1_T2,WAxNA_F12_2_YPD_1,51.21160591,ftp://ftp.sra.ebi.ac.uk/vol1/ERA195/ERA195404/bam/8939_1#9.bam
8616,5,21,ERS169310,R2_MO_T4,,Saccharomyces cerevisiae,WAxNA,diploid,F12,2,YPD,1,4,,WAxNA_F12_2_YPD_1_T4,WAxNA_F12_2_YPD_1,57.00903488,ftp://ftp.sra.ebi.ac.uk/vol1/ERA182/ERA182294/bam/8616_5#21.bam
8939,1,21,ERS169310,R2_MO_T4,,Saccharomyces cerevisiae,WAxNA,diploid,F12,2,YPD,1,4,,WAxNA_F12_2_YPD_1_T4,WAxNA_F12_2_YPD_1,59.21684588,ftp://ftp.sra.ebi.ac.uk/vol1/ERA195/ERA195404/bam/8939_1#21.bam
8616,5,43,ERS169333,R2_MO_T16,,Saccharomyces cerevisiae,WAxNA,diploid,F12,2,YPD,1,16,,WAxNA_F12_2_YPD_1_T16,WAxNA_F12_2_YPD_1,47.44049284,ftp://ftp.sra.ebi.ac.uk/vol1/ERA182/ERA182294/bam/8616_5#43.bam
8939,1,43,ERS169333,R2_MO_T16,,Saccharomyces cerevisiae,WAxNA,diploid,F12,2,YPD,1,16,,WAxNA_F12_2_YPD_1_T16,WAxNA_F12_2_YPD_1,51.86183822,ftp://ftp.sra.ebi.ac.uk/vol1/ERA195/ERA195404/bam/8939_1#43.bam
8616,5,55,ERS169345,R2_MO_T32,,Saccharomyces cerevisiae,WAxNA,diploid,F12,2,YPD,1,32,,WAxNA_F12_2_YPD_1_T32,WAxNA_F12_2_YPD_1,45.4383375,ftp://ftp.sra.ebi.ac.uk/vol1/ERA182/ERA182294/bam/8616_5#55.bam
8939,1,55,ERS169345,R2_MO_T32,,Saccharomyces cerevisiae,WAxNA,diploid,F12,2,YPD,1,32,,WAxNA_F12_2_YPD_1_T32,WAxNA_F12_2_YPD_1,48.48837652,ftp://ftp.sra.ebi.ac.uk/vol1/ERA195/ERA195404/bam/8939_1#55.bam
11822,2,56,ERS364008,2787STDY5607071,,Saccharomyces cerevisiae,WAxNA,diploid,F12,2,YPD,2,0,,WAxNA_F12_2_YPD_2_T0,WAxNA_F12_2_YPD_2,102.8480537,ftp://ftp.sra.ebi.ac.uk/vol1/ERA291/ERA291805/cram/11822_2#56.cram
11823,1,24,ERS364050,2787STDY5607113,,Saccharomyces cerevisiae,WAxNA,diploid,F12,2,YPD,2,32,,WAxNA_F12_2_YPD_2_T32,WAxNA_F12_2_YPD_2,29.00802251,ftp://ftp.sra.ebi.ac.uk/vol1/ERA291/ERA291805/cram/11823_1#24.cram
6738,6,1,ERS041846,Lys_201,,Saccharomyces cerevisiae,WAxNA,haploid,F12,2,YPD,,0,1,WAxNA_F12_2_YPD_T0_C1,WAxNA_F12_2_YPD,30.40139706,ftp://ftp.sra.ebi.ac.uk/vol1/ERA067/ERA067565/bam/6738_6#1.bam
6738,6,2,ERS041847,Lys_202,,Saccharomyces cerevisiae,WAxNA,diploid,F12,2,YPD,,0,2,WAxNA_F12_2_YPD_T0_C2,WAxNA_F12_2_YPD,28.00427182,ftp://ftp.sra.ebi.ac.uk/vol1/ERA067/ERA067565/bam/6738_6#2.bam
6738,6,3,ERS041848,Lys_203,,Saccharomyces cerevisiae,WAxNA,haploid,F12,2,YPD,,0,3,WAxNA_F12_2_YPD_T0_C3,WAxNA_F12_2_YPD,30.05451318,ftp://ftp.sra.ebi.ac.uk/vol1/ERA067/ERA067565/bam/6738_6#3.bam
6738,6,4,ERS041849,Lys_204,,Saccharomyces cerevisiae,WAxNA,haploid,F12,2,YPD,,0,4,WAxNA_F12_2_YPD_T0_C4,WAxNA_F12_2_YPD,29.8799421,ftp://ftp.sra.ebi.ac.uk/vol1/ERA067/ERA067565/bam/6738_6#4.bam
6738,6,5,ERS041850,Lys_205,,Saccharomyces cerevisiae,WAxNA,haploid,F12,2,YPD,,0,5,WAxNA_F12_2_YPD_T0_C5,WAxNA_F12_2_YPD,29.82863409,ftp://ftp.sra.ebi.ac.uk/vol1/ERA067/ERA067565/bam/6738_6#5.bam
6738,6,6,ERS041851,Lys_206,,Saccharomyces cerevisiae,WAxNA,diploid,F12,2,YPD,,0,6,WAxNA_F12_2_YPD_T0_C6,WAxNA_F12_2_YPD,27.16625362,ftp://ftp.sra.ebi.ac.uk/vol1/ERA067/ERA067565/bam/6738_6#6.bam
6738,6,7,ERS041852,Lys_207,,Saccharomyces cerevisiae,WAxNA,haploid,F12,2,YPD,,0,7,WAxNA_F12_2_YPD_T0_C7,WAxNA_F12_2_YPD,31.99710039,ftp://ftp.sra.ebi.ac.uk/vol1/ERA067/ERA067565/bam/6738_6#7.bam
6738,6,8,ERS041853,Lys_208,,Saccharomyces cerevisiae,WAxNA,haploid,F12,2,YPD,,0,8,WAxNA_F12_2_YPD_T0_C8,WAxNA_F12_2_YPD,35.97414903,ftp://ftp.sra.ebi.ac.uk/vol1/ERA067/ERA067565/bam/6738_6#8.bam
6738,6,9,ERS041854,Lys_209,,Saccharomyces cerevisiae,WAxNA,haploid,F12,2,YPD,,0,9,WAxNA_F12_2_YPD_T0_C9,WAxNA_F12_2_YPD,29.46606961,ftp://ftp.sra.ebi.ac.uk/vol1/ERA067/ERA067565/bam/6738_6#9.bam
6738,6,10,ERS041855,Lys_210,,Saccharomyces cerevisiae,WAxNA,haploid,F12,2,YPD,,0,10,WAxNA_F12_2_YPD_T0_C10,WAxNA_F12_2_YPD,24.91788242,ftp://ftp.sra.ebi.ac.uk/vol1/ERA067/ERA067565/bam/6738_6#10.bam
6738,6,11,ERS041856,Lys_211,,Saccharomyces cerevisiae,WAxNA,haploid,F12,2,YPD,,0,11,WAxNA_F12_2_YPD_T0_C11,WAxNA_F12_2_YPD,30.20543598,ftp://ftp.sra.ebi.ac.uk/vol1/ERA067/ERA067565/bam/6738_6#11.bam
6738,6,12,ERS041857,Lys_212,,Saccharomyces cerevisiae,WAxNA,haploid,F12,2,YPD,,0,12,WAxNA_F12_2_YPD_T0_C12,WAxNA_F12_2_YPD,31.19497067,ftp://ftp.sra.ebi.ac.uk/vol1/ERA067/ERA067565/bam/6738_6#12.bam
6738,6,13,ERS041858,Lys_213,,Saccharomyces cerevisiae,WAxNA,haploid,F12,2,YPD,,0,13,WAxNA_F12_2_YPD_T0_C13,WAxNA_F12_2_YPD,30.29357589,ftp://ftp.sra.ebi.ac.uk/vol1/ERA067/ERA067565/bam/6738_6#13.bam
6738,6,14,ERS041859,Lys_214,,Saccharomyces cerevisiae,WAxNA,haploid,F12,2,YPD,,0,14,WAxNA_F12_2_YPD_T0_C14,WAxNA_F12_2_YPD,23.86677885,ftp://ftp.sra.ebi.ac.uk/vol1/ERA067/ERA067565/bam/6738_6#14.bam
6738,6,15,ERS041860,Lys_215,,Saccharomyces cerevisiae,WAxNA,haploid,F12,2,YPD,,0,15,WAxNA_F12_2_YPD_T0_C15,WAxNA_F12_2_YPD,25.83223575,ftp://ftp.sra.ebi.ac.uk/vol1/ERA067/ERA067565/bam/6738_6#15.bam
6738,6,16,ERS041861,Lys_216,,Saccharomyces cerevisiae,WAxNA,haploid,F12,2,YPD,,0,16,WAxNA_F12_2_YPD_T0_C16,WAxNA_F12_2_YPD,30.90206902,ftp://ftp.sra.ebi.ac.uk/vol1/ERA067/ERA067565/bam/6738_6#16.bam
6738,6,17,ERS041862,Lys_217,,Saccharomyces cerevisiae,WAxNA,haploid,F12,2,YPD,,0,17,WAxNA_F12_2_YPD_T0_C17,WAxNA_F12_2_YPD,26.32119647,ftp://ftp.sra.ebi.ac.uk/vol1/ERA067/ERA067565/bam/6738_6#17.bam
6738,6,18,ERS041863,Lys_218,,Saccharomyces cerevisiae,WAxNA,haploid,F12,2,YPD,,0,18,WAxNA_F12_2_YPD_T0_C18,WAxNA_F12_2_YPD,24.55781156,ftp://ftp.sra.ebi.ac.uk/vol1/ERA067/ERA067565/bam/6738_6#18.bam
6738,6,19,ERS041864,Lys_219,,Saccharomyces cerevisiae,WAxNA,haploid,F12,2,YPD,,0,19,WAxNA_F12_2_YPD_T0_C19,WAxNA_F12_2_YPD,27.42217095,ftp://ftp.sra.ebi.ac.uk/vol1/ERA067/ERA067565/bam/6738_6#19.bam
6738,6,20,ERS041865,Lys_220,,Saccharomyces cerevisiae,WAxNA,haploid,F12,2,YPD,,0,20,WAxNA_F12_2_YPD_T0_C20,WAxNA_F12_2_YPD,25.07029288,ftp://ftp.sra.ebi.ac.uk/vol1/ERA067/ERA067565/bam/6738_6#20.bam
6738,6,21,ERS041866,Lys_221,,Saccharomyces cerevisiae,WAxNA,haploid,F12,2,YPD,,0,21,WAxNA_F12_2_YPD_T0_C21,WAxNA_F12_2_YPD,29.0211282,ftp://ftp.sra.ebi.ac.uk/vol1/ERA067/ERA067565/bam/6738_6#21.bam
6738,6,22,ERS041867,Lys_222,,Saccharomyces cerevisiae,WAxNA,diploid,F12,2,YPD,,0,22,WAxNA_F12_2_YPD_T0_C22,WAxNA_F12_2_YPD,27.37732975,ftp://ftp.sra.ebi.ac.uk/vol1/ERA067/ERA067565/bam/6738_6#22.bam
6738,6,23,ERS041868,Lys_223,,Saccharomyces cerevisiae,WAxNA,diploid,F12,2,YPD,,0,23,WAxNA_F12_2_YPD_T0_C23,WAxNA_F12_2_YPD,30.15422105,ftp://ftp.sra.ebi.ac.uk/vol1/ERA067/ERA067565/bam/6738_6#23.bam
6738,6,24,ERS041869,Lys_224,,Saccharomyces cerevisiae,WAxNA,haploid,F12,2,YPD,,0,24,WAxNA_F12_2_YPD_T0_C24,WAxNA_F12_2_YPD,30.11713049,ftp://ftp.sra.ebi.ac.uk/vol1/ERA067/ERA067565/bam/6738_6#24.bam
6738,6,25,ERS041870,Lys_227,,Saccharomyces cerevisiae,WAxNA,haploid,F12,2,YPD,,0,25,WAxNA_F12_2_YPD_T0_C25,WAxNA_F12_2_YPD,25.22000692,ftp://ftp.sra.ebi.ac.uk/vol1/ERA067/ERA067565/bam/6738_6#25.bam
6738,6,26,ERS041871,Lys_228,,Saccharomyces cerevisiae,WAxNA,haploid,F12,2,YPD,,0,26,WAxNA_F12_2_YPD_T0_C26,WAxNA_F12_2_YPD,24.59322331,ftp://ftp.sra.ebi.ac.uk/vol1/ERA067/ERA067565/bam/6738_6#26.bam
6738,6,27,ERS041872,Lys_229,,Saccharomyces cerevisiae,WAxNA,haploid,F12,2,YPD,,0,27,WAxNA_F12_2_YPD_T0_C27,WAxNA_F12_2_YPD,27.35284624,ftp://ftp.sra.ebi.ac.uk/vol1/ERA067/ERA067565/bam/6738_6#27.bam
6738,6,28,ERS041873,Lys_230,,Saccharomyces cerevisiae,WAxNA,haploid,F12,2,YPD,,0,28,WAxNA_F12_2_YPD_T0_C28,WAxNA_F12_2_YPD,25.14607423,ftp://ftp.sra.ebi.ac.uk/vol1/ERA067/ERA067565/bam/6738_6#28.bam
6738,6,29,ERS041874,Lys_231,,Saccharomyces cerevisiae,WAxNA,haploid,F12,2,YPD,,0,29,WAxNA_F12_2_YPD_T0_C29,WAxNA_F12_2_YPD,24.84450437,ftp://ftp.sra.ebi.ac.uk/vol1/ERA067/ERA067565/bam/6738_6#29.bam
6738,6,30,ERS041875,Lys_232,,Saccharomyces cerevisiae,WAxNA,haploid,F12,2,YPD,,0,30,WAxNA_F12_2_YPD_T0_C30,WAxNA_F12_2_YPD,18.47281387,ftp://ftp.sra.ebi.ac.uk/vol1/ERA067/ERA067565/bam/6738_6#30.bam
6738,6,31,ERS041876,Lys_233,,Saccharomyces cerevisiae,WAxNA,haploid,F12,2,YPD,,0,31,WAxNA_F12_2_YPD_T0_C31,WAxNA_F12_2_YPD,24.55177658,ftp://ftp.sra.ebi.ac.uk/vol1/ERA067/ERA067565/bam/6738_6#31.bam
6738,6,32,ERS041877,Lys_234,,Saccharomyces cerevisiae,WAxNA,diploid,F12,2,YPD,,0,32,WAxNA_F12_2_YPD_T0_C32,WAxNA_F12_2_YPD,23.58344625,ftp://ftp.sra.ebi.ac.uk/vol1/ERA067/ERA067565/bam/6738_6#32.bam
6738,6,33,ERS041878,Lys_235,,Saccharomyces cerevisiae,WAxNA,haploid,F12,2,YPD,,0,33,WAxNA_F12_2_YPD_T0_C33,WAxNA_F12_2_YPD,23.99891927,ftp://ftp.sra.ebi.ac.uk/vol1/ERA067/ERA067565/bam/6738_6#33.bam
6738,6,34,ERS041879,Lys_236,,Saccharomyces cerevisiae,WAxNA,haploid,F12,2,YPD,,0,34,WAxNA_F12_2_YPD_T0_C34,WAxNA_F12_2_YPD,21.03774308,ftp://ftp.sra.ebi.ac.uk/vol1/ERA067/ERA067565/bam/6738_6#34.bam
6738,6,35,ERS041880,Lys_237,,Saccharomyces cerevisiae,WAxNA,haploid,F12,2,YPD,,0,35,WAxNA_F12_2_YPD_T0_C35,WAxNA_F12_2_YPD,24.77186472,ftp://ftp.sra.ebi.ac.uk/vol1/ERA067/ERA067565/bam/6738_6#35.bam
6738,6,36,ERS041881,Lys_238,,Saccharomyces cerevisiae,WAxNA,haploid,F12,2,YPD,,0,36,WAxNA_F12_2_YPD_T0_C36,WAxNA_F12_2_YPD,24.8177551,ftp://ftp.sra.ebi.ac.uk/vol1/ERA067/ERA067565/bam/6738_6#36.bam
6738,6,37,ERS041882,Lys_239,,Saccharomyces cerevisiae,WAxNA,haploid,F12,2,YPD,,0,37,WAxNA_F12_2_YPD_T0_C37,WAxNA_F12_2_YPD,28.50435776,ftp://ftp.sra.ebi.ac.uk/vol1/ERA067/ERA067565/bam/6738_6#37.bam
6738,6,38,ERS041883,Lys_241,,Saccharomyces cerevisiae,WAxNA,haploid,F12,2,YPD,,0,38,WAxNA_F12_2_YPD_T0_C38,WAxNA_F12_2_YPD,29.35585053,ftp://ftp.sra.ebi.ac.uk/vol1/ERA067/ERA067565/bam/6738_6#38.bam
6738,6,39,ERS041884,Lys_243,,Saccharomyces cerevisiae,WAxNA,haploid,F12,2,YPD,,0,39,WAxNA_F12_2_YPD_T0_C39,WAxNA_F12_2_YPD,20.04912254,ftp://ftp.sra.ebi.ac.uk/vol1/ERA067/ERA067565/bam/6738_6#39.bam
6738,6,40,ERS041885,Lys_244,,Saccharomyces cerevisiae,WAxNA,haploid,F12,2,YPD,,0,40,WAxNA_F12_2_YPD_T0_C40,WAxNA_F12_2_YPD,23.28109786,ftp://ftp.sra.ebi.ac.uk/vol1/ERA067/ERA067565/bam/6738_6#40.bam
6738,6,41,ERS041886,Lys_245,,Saccharomyces cerevisiae,WAxNA,haploid,F12,2,YPD,,0,41,WAxNA_F12_2_YPD_T0_C41,WAxNA_F12_2_YPD,26.98894527,ftp://ftp.sra.ebi.ac.uk/vol1/ERA067/ERA067565/bam/6738_6#41.bam
6738,6,42,ERS041887,Lys_246,,Saccharomyces cerevisiae,WAxNA,haploid,F12,2,YPD,,0,42,WAxNA_F12_2_YPD_T0_C42,WAxNA_F12_2_YPD,23.87119487,ftp://ftp.sra.ebi.ac.uk/vol1/ERA067/ERA067565/bam/6738_6#42.bam
6738,6,43,ERS041888,Lys_247,,Saccharomyces cerevisiae,WAxNA,haploid,F12,2,YPD,,0,43,WAxNA_F12_2_YPD_T0_C43,WAxNA_F12_2_YPD,28.96789576,ftp://ftp.sra.ebi.ac.uk/vol1/ERA067/ERA067565/bam/6738_6#43.bam
6738,6,44,ERS041889,Lys_248,,Saccharomyces cerevisiae,WAxNA,haploid,F12,2,YPD,,0,44,WAxNA_F12_2_YPD_T0_C44,WAxNA_F12_2_YPD,22.06011682,ftp://ftp.sra.ebi.ac.uk/vol1/ERA067/ERA067565/bam/6738_6#44.bam
6738,6,45,ERS041890,Lys_249,,Saccharomyces cerevisiae,WAxNA,haploid,F12,2,YPD,,0,45,WAxNA_F12_2_YPD_T0_C45,WAxNA_F12_2_YPD,24.75772294,ftp://ftp.sra.ebi.ac.uk/vol1/ERA067/ERA067565/bam/6738_6#45.bam
6738,6,46,ERS041891,Lys_250,,Saccharomyces cerevisiae,WAxNA,haploid,F12,2,YPD,,0,46,WAxNA_F12_2_YPD_T0_C46,WAxNA_F12_2_YPD,32.15300073,ftp://ftp.sra.ebi.ac.uk/vol1/ERA067/ERA067565/bam/6738_6#46.bam
6738,6,47,ERS041892,Lys_251,,Saccharomyces cerevisiae,WAxNA,haploid,F12,2,YPD,,0,47,WAxNA_F12_2_YPD_T0_C47,WAxNA_F12_2_YPD,24.39021225,ftp://ftp.sra.ebi.ac.uk/vol1/ERA067/ERA067565/bam/6738_6#47.bam
6738,6,48,ERS041893,Lys_252,,Saccharomyces cerevisiae,WAxNA,haploid,F12,2,YPD,,0,48,WAxNA_F12_2_YPD_T0_C48,WAxNA_F12_2_YPD,28.08714548,ftp://ftp.sra.ebi.ac.uk/vol1/ERA067/ERA067565/bam/6738_6#48.bam
6738,6,49,ERS041894,Lys_253,,Saccharomyces cerevisiae,WAxNA,haploid,F12,2,YPD,,0,49,WAxNA_F12_2_YPD_T0_C49,WAxNA_F12_2_YPD,25.98221076,ftp://ftp.sra.ebi.ac.uk/vol1/ERA067/ERA067565/bam/6738_6#49.bam
6738,6,50,ERS041895,Lys_254,,Saccharomyces cerevisiae,WAxNA,haploid,F12,2,YPD,,0,50,WAxNA_F12_2_YPD_T0_C50,WAxNA_F12_2_YPD,27.73534329,ftp://ftp.sra.ebi.ac.uk/vol1/ERA067/ERA067565/bam/6738_6#50.bam
6738,6,51,ERS041896,Lys_255,,Saccharomyces cerevisiae,WAxNA,haploid,F12,2,YPD,,0,51,WAxNA_F12_2_YPD_T0_C51,WAxNA_F12_2_YPD,27.07434402,ftp://ftp.sra.ebi.ac.uk/vol1/ERA067/ERA067565/bam/6738_6#51.bam
6738,6,52,ERS041897,Lys_256,,Saccharomyces cerevisiae,WAxNA,haploid,F12,2,YPD,,0,52,WAxNA_F12_2_YPD_T0_C52,WAxNA_F12_2_YPD,30.38476584,ftp://ftp.sra.ebi.ac.uk/vol1/ERA067/ERA067565/bam/6738_6#52.bam
6738,6,53,ERS041898,Lys_257,,Saccharomyces cerevisiae,WAxNA,haploid,F12,2,YPD,,0,53,WAxNA_F12_2_YPD_T0_C53,WAxNA_F12_2_YPD,26.67368994,ftp://ftp.sra.ebi.ac.uk/vol1/ERA067/ERA067565/bam/6738_6#53.bam
6738,6,54,ERS041899,Lys_258,,Saccharomyces cerevisiae,WAxNA,diploid,F12,2,YPD,,0,54,WAxNA_F12_2_YPD_T0_C54,WAxNA_F12_2_YPD,25.02456567,ftp://ftp.sra.ebi.ac.uk/vol1/ERA067/ERA067565/bam/6738_6#54.bam
6738,6,55,ERS041900,Lys_259,,Saccharomyces cerevisiae,WAxNA,haploid,F12,2,YPD,,0,55,WAxNA_F12_2_YPD_T0_C55,WAxNA_F12_2_YPD,28.6070066,ftp://ftp.sra.ebi.ac.uk/vol1/ERA067/ERA067565/bam/6738_6#55.bam
6738,6,56,ERS041901,Lys_260,,Saccharomyces cerevisiae,WAxNA,haploid,F12,2,YPD,,0,56,WAxNA_F12_2_YPD_T0_C56,WAxNA_F12_2_YPD,25.4099915,ftp://ftp.sra.ebi.ac.uk/vol1/ERA067/ERA067565/bam/6738_6#56.bam
6738,6,57,ERS041902,Lys_261,,Saccharomyces cerevisiae,WAxNA,haploid,F12,2,YPD,,0,57,WAxNA_F12_2_YPD_T0_C57,WAxNA_F12_2_YPD,23.99163727,ftp://ftp.sra.ebi.ac.uk/vol1/ERA067/ERA067565/bam/6738_6#57.bam
6738,6,58,ERS041903,Lys_262,,Saccharomyces cerevisiae,WAxNA,haploid,F12,2,YPD,,0,58,WAxNA_F12_2_YPD_T0_C58,WAxNA_F12_2_YPD,27.23869115,ftp://ftp.sra.ebi.ac.uk/vol1/ERA067/ERA067565/bam/6738_6#58.bam
6738,6,59,ERS041904,Lys_263,,Saccharomyces cerevisiae,WAxNA,haploid,F12,2,YPD,,0,59,WAxNA_F12_2_YPD_T0_C59,WAxNA_F12_2_YPD,27.01161885,ftp://ftp.sra.ebi.ac.uk/vol1/ERA067/ERA067565/bam/6738_6#59.bam
6738,6,60,ERS041905,Lys_264,,Saccharomyces cerevisiae,WAxNA,diploid,F12,2,YPD,,0,60,WAxNA_F12_2_YPD_T0_C60,WAxNA_F12_2_YPD,28.74124473,ftp://ftp.sra.ebi.ac.uk/vol1/ERA067/ERA067565/bam/6738_6#60.bam
6738,6,61,ERS041906,Lys_265,,Saccharomyces cerevisiae,WAxNA,haploid,F12,2,YPD,,0,61,WAxNA_F12_2_YPD_T0_C61,WAxNA_F12_2_YPD,25.24611245,ftp://ftp.sra.ebi.ac.uk/vol1/ERA067/ERA067565/bam/6738_6#61.bam
6738,6,62,ERS041907,Lys_266,,Saccharomyces cerevisiae,WAxNA,haploid,F12,2,YPD,,0,62,WAxNA_F12_2_YPD_T0_C62,WAxNA_F12_2_YPD,26.79121821,ftp://ftp.sra.ebi.ac.uk/vol1/ERA067/ERA067565/bam/6738_6#62.bam
6738,6,63,ERS041908,Lys_267,,Saccharomyces cerevisiae,WAxNA,haploid,F12,2,YPD,,0,63,WAxNA_F12_2_YPD_T0_C63,WAxNA_F12_2_YPD,24.49941661,ftp://ftp.sra.ebi.ac.uk/vol1/ERA067/ERA067565/bam/6738_6#63.bam
6738,6,64,ERS041909,Lys_268,,Saccharomyces cerevisiae,WAxNA,haploid,F12,2,YPD,,0,64,WAxNA_F12_2_YPD_T0_C64,WAxNA_F12_2_YPD,23.60986143,ftp://ftp.sra.ebi.ac.uk/vol1/ERA067/ERA067565/bam/6738_6#64.bam
6738,6,65,ERS041910,Lys_270,,Saccharomyces cerevisiae,WAxNA,haploid,F12,2,YPD,,0,65,WAxNA_F12_2_YPD_T0_C65,WAxNA_F12_2_YPD,24.22279031,ftp://ftp.sra.ebi.ac.uk/vol1/ERA067/ERA067565/bam/6738_6#65.bam
6738,6,66,ERS041911,Lys_271,,Saccharomyces cerevisiae,WAxNA,haploid,F12,2,YPD,,0,66,WAxNA_F12_2_YPD_T0_C66,WAxNA_F12_2_YPD,9.061720706,ftp://ftp.sra.ebi.ac.uk/vol1/ERA067/ERA067565/bam/6738_6#66.bam
6738,6,67,ERS041912,Lys_272,,Saccharomyces cerevisiae,WAxNA,haploid,F12,2,YPD,,0,67,WAxNA_F12_2_YPD_T0_C67,WAxNA_F12_2_YPD,22.80618059,ftp://ftp.sra.ebi.ac.uk/vol1/ERA067/ERA067565/bam/6738_6#67.bam
6738,6,68,ERS041913,Lys_273,,Saccharomyces cerevisiae,WAxNA,haploid,F12,2,YPD,,0,68,WAxNA_F12_2_YPD_T0_C68,WAxNA_F12_2_YPD,23.5031075,ftp://ftp.sra.ebi.ac.uk/vol1/ERA067/ERA067565/bam/6738_6#68.bam
6738,6,69,ERS041914,Lys_274,,Saccharomyces cerevisiae,WAxNA,haploid,F12,2,YPD,,0,69,WAxNA_F12_2_YPD_T0_C69,WAxNA_F12_2_YPD,23.83141256,ftp://ftp.sra.ebi.ac.uk/vol1/ERA067/ERA067565/bam/6738_6#69.bam
6738,6,70,ERS041915,Lys_275,,Saccharomyces cerevisiae,WAxNA,haploid,F12,2,YPD,,0,70,WAxNA_F12_2_YPD_T0_C70,WAxNA_F12_2_YPD,25.76631394,ftp://ftp.sra.ebi.ac.uk/vol1/ERA067/ERA067565/bam/6738_6#70.bam
6738,6,71,ERS041916,Lys_276,,Saccharomyces cerevisiae,WAxNA,haploid,F12,2,YPD,,0,71,WAxNA_F12_2_YPD_T0_C71,WAxNA_F12_2_YPD,22.44575272,ftp://ftp.sra.ebi.ac.uk/vol1/ERA067/ERA067565/bam/6738_6#71.bam
6738,6,72,ERS041917,Lys_277,,Saccharomyces cerevisiae,WAxNA,haploid,F12,2,YPD,,0,72,WAxNA_F12_2_YPD_T0_C72,WAxNA_F12_2_YPD,24.66151648,ftp://ftp.sra.ebi.ac.uk/vol1/ERA067/ERA067565/bam/6738_6#72.bam
6738,6,73,ERS041918,Lys_278,,Saccharomyces cerevisiae,WAxNA,diploid,F12,2,YPD,,0,73,WAxNA_F12_2_YPD_T0_C73,WAxNA_F12_2_YPD,24.52458541,ftp://ftp.sra.ebi.ac.uk/vol1/ERA067/ERA067565/bam/6738_6#73.bam
6738,6,74,ERS041919,Lys_279,,Saccharomyces cerevisiae,WAxNA,haploid,F12,2,YPD,,0,74,WAxNA_F12_2_YPD_T0_C74,WAxNA_F12_2_YPD,29.02310123,ftp://ftp.sra.ebi.ac.uk/vol1/ERA067/ERA067565/bam/6738_6#74.bam
6738,6,75,ERS041920,Lys_280,,Saccharomyces cerevisiae,WAxNA,haploid,F12,2,YPD,,0,75,WAxNA_F12_2_YPD_T0_C75,WAxNA_F12_2_YPD,24.33438095,ftp://ftp.sra.ebi.ac.uk/vol1/ERA067/ERA067565/bam/6738_6#75.bam
6738,6,76,ERS041921,Lys_281,,Saccharomyces cerevisiae,WAxNA,haploid,F12,2,YPD,,0,76,WAxNA_F12_2_YPD_T0_C76,WAxNA_F12_2_YPD,27.70508701,ftp://ftp.sra.ebi.ac.uk/vol1/ERA067/ERA067565/bam/6738_6#76.bam
6738,6,77,ERS041922,Lys_282,,Saccharomyces cerevisiae,WAxNA,haploid,F12,2,YPD,,0,77,WAxNA_F12_2_YPD_T0_C77,WAxNA_F12_2_YPD,23.61652618,ftp://ftp.sra.ebi.ac.uk/vol1/ERA067/ERA067565/bam/6738_6#77.bam
6738,6,78,ERS041923,Lys_283,,Saccharomyces cerevisiae,WAxNA,haploid,F12,2,YPD,,0,78,WAxNA_F12_2_YPD_T0_C78,WAxNA_F12_2_YPD,22.45453743,ftp://ftp.sra.ebi.ac.uk/vol1/ERA067/ERA067565/bam/6738_6#78.bam
6738,6,79,ERS041924,Lys_284,,Saccharomyces cerevisiae,WAxNA,haploid,F12,2,YPD,,0,79,WAxNA_F12_2_YPD_T0_C79,WAxNA_F12_2_YPD,23.46270616,ftp://ftp.sra.ebi.ac.uk/vol1/ERA067/ERA067565/bam/6738_6#79.bam
6738,6,80,ERS041925,Lys_286,,Saccharomyces cerevisiae,WAxNA,haploid,F12,2,YPD,,0,80,WAxNA_F12_2_YPD_T0_C80,WAxNA_F12_2_YPD,26.68015494,ftp://ftp.sra.ebi.ac.uk/vol1/ERA067/ERA067565/bam/6738_6#80.bam
6738,6,81,ERS041926,Lys_287,,Saccharomyces cerevisiae,WAxNA,haploid,F12,2,YPD,,0,81,WAxNA_F12_2_YPD_T0_C81,WAxNA_F12_2_YPD,23.22675811,ftp://ftp.sra.ebi.ac.uk/vol1/ERA067/ERA067565/bam/6738_6#81.bam
6738,6,82,ERS041927,Lys_288,,Saccharomyces cerevisiae,WAxNA,haploid,F12,2,YPD,,0,82,WAxNA_F12_2_YPD_T0_C82,WAxNA_F12_2_YPD,27.1840481,ftp://ftp.sra.ebi.ac.uk/vol1/ERA067/ERA067565/bam/6738_6#82.bam
6738,6,83,ERS041928,Lys_289,,Saccharomyces cerevisiae,WAxNA,haploid,F12,2,YPD,,0,83,WAxNA_F12_2_YPD_T0_C83,WAxNA_F12_2_YPD,23.50790653,ftp://ftp.sra.ebi.ac.uk/vol1/ERA067/ERA067565/bam/6738_6#83.bam
6738,6,84,ERS041929,Lys_290,,Saccharomyces cerevisiae,WAxNA,haploid,F12,2,YPD,,0,84,WAxNA_F12_2_YPD_T0_C84,WAxNA_F12_2_YPD,24.52129278,ftp://ftp.sra.ebi.ac.uk/vol1/ERA067/ERA067565/bam/6738_6#84.bam
6738,6,85,ERS041930,Lys_291,,Saccharomyces cerevisiae,WAxNA,haploid,F12,2,YPD,,0,85,WAxNA_F12_2_YPD_T0_C85,WAxNA_F12_2_YPD,23.97616385,ftp://ftp.sra.ebi.ac.uk/vol1/ERA067/ERA067565/bam/6738_6#85.bam
6738,6,86,ERS041931,Lys_292,,Saccharomyces cerevisiae,WAxNA,haploid,F12,2,YPD,,0,86,WAxNA_F12_2_YPD_T0_C86,WAxNA_F12_2_YPD,25.34391889,ftp://ftp.sra.ebi.ac.uk/vol1/ERA067/ERA067565/bam/6738_6#86.bam
6738,6,87,ERS041932,Lys_293,,Saccharomyces cerevisiae,WAxNA,haploid,F12,2,YPD,,0,87,WAxNA_F12_2_YPD_T0_C87,WAxNA_F12_2_YPD,23.5898654,ftp://ftp.sra.ebi.ac.uk/vol1/ERA067/ERA067565/bam/6738_6#87.bam
6738,6,88,ERS041933,Lys_295,,Saccharomyces cerevisiae,WAxNA,haploid,F12,2,YPD,,0,88,WAxNA_F12_2_YPD_T0_C88,WAxNA_F12_2_YPD,20.41061615,ftp://ftp.sra.ebi.ac.uk/vol1/ERA067/ERA067565/bam/6738_6#88.bam
6738,6,89,ERS041934,Lys_296,,Saccharomyces cerevisiae,WAxNA,haploid,F12,2,YPD,,0,89,WAxNA_F12_2_YPD_T0_C89,WAxNA_F12_2_YPD,22.25248769,ftp://ftp.sra.ebi.ac.uk/vol1/ERA067/ERA067565/bam/6738_6#89.bam
6738,6,90,ERS041935,Lys_297,,Saccharomyces cerevisiae,WAxNA,haploid,F12,2,YPD,,0,90,WAxNA_F12_2_YPD_T0_C90,WAxNA_F12_2_YPD,25.83779182,ftp://ftp.sra.ebi.ac.uk/vol1/ERA067/ERA067565/bam/6738_6#90.bam
6738,6,91,ERS041936,Lys_298,,Saccharomyces cerevisiae,WAxNA,haploid,F12,2,YPD,,0,91,WAxNA_F12_2_YPD_T0_C91,WAxNA_F12_2_YPD,24.60158927,ftp://ftp.sra.ebi.ac.uk/vol1/ERA067/ERA067565/bam/6738_6#91.bam
6738,6,92,ERS041937,Lys_300,,Saccharomyces cerevisiae,WAxNA,haploid,F12,2,YPD,,0,92,WAxNA_F12_2_YPD_T0_C92,WAxNA_F12_2_YPD,21.22133134,ftp://ftp.sra.ebi.ac.uk/vol1/ERA067/ERA067565/bam/6738_6#92.bam
6738,6,93,ERS041938,Lys_301,,Saccharomyces cerevisiae,WAxNA,haploid,F12,2,YPD,,0,93,WAxNA_F12_2_YPD_T0_C93,WAxNA_F12_2_YPD,22.70226301,ftp://ftp.sra.ebi.ac.uk/vol1/ERA067/ERA067565/bam/6738_6#93.bam
6738,6,94,ERS041939,Lys_304,,Saccharomyces cerevisiae,WAxNA,haploid,F12,2,YPD,,0,94,WAxNA_F12_2_YPD_T0_C94,WAxNA_F12_2_YPD,26.05995663,ftp://ftp.sra.ebi.ac.uk/vol1/ERA067/ERA067565/bam/6738_6#94.bam
6738,6,95,ERS041940,Lys_305,,Saccharomyces cerevisiae,WAxNA,haploid,F12,2,YPD,,0,95,WAxNA_F12_2_YPD_T0_C95,WAxNA_F12_2_YPD,25.03818167,ftp://ftp.sra.ebi.ac.uk/vol1/ERA067/ERA067565/bam/6738_6#95.bam
6738,6,96,ERS041941,Lys_306,,Saccharomyces cerevisiae,WAxNA,diploid,F12,2,YPD,,0,96,WAxNA_F12_2_YPD_T0_C96,WAxNA_F12_2_YPD,28.61696134,ftp://ftp.sra.ebi.ac.uk/vol1/ERA067/ERA067565/bam/6738_6#96.bam
11823,1,37,ERS364072,2787STDY5607135,,Saccharomyces cerevisiae,WAxNA,diploid,F2,1,RM,1,2,,WAxNA_F2_1_RM_1_T2,WAxNA_F2_1_RM_1,29.48731092,ftp://ftp.sra.ebi.ac.uk/vol1/ERA291/ERA291805/cram/11823_1#37.cram
14893,4,28,ERS364072,2787STDY5607135,,Saccharomyces cerevisiae,WAxNA,diploid,F2,1,RM,1,2,,WAxNA_F2_1_RM_1_T2,WAxNA_F2_1_RM_1,76.70186718,ftp://ftp.sra.ebi.ac.uk/vol1/ERA414/ERA414364/cram/14893_4#28.cram
11823,1,39,ERS364074,2787STDY5607137,,Saccharomyces cerevisiae,WAxNA,diploid,F2,1,RM,1,4,,WAxNA_F2_1_RM_1_T4,WAxNA_F2_1_RM_1,28.28319519,ftp://ftp.sra.ebi.ac.uk/vol1/ERA291/ERA291805/cram/11823_1#39.cram
14893,4,30,ERS364074,2787STDY5607137,,Saccharomyces cerevisiae,WAxNA,diploid,F2,1,RM,1,4,,WAxNA_F2_1_RM_1_T4,WAxNA_F2_1_RM_1,65.88898644,ftp://ftp.sra.ebi.ac.uk/vol1/ERA414/ERA414364/cram/14893_4#30.cram
11823,1,41,ERS364076,2787STDY5607139,,Saccharomyces cerevisiae,WAxNA,diploid,F2,1,RM,1,8,,WAxNA_F2_1_RM_1_T8,WAxNA_F2_1_RM_1,26.35672246,ftp://ftp.sra.ebi.ac.uk/vol1/ERA291/ERA291805/cram/11823_1#41.cram
14893,4,32,ERS364076,2787STDY5607139,,Saccharomyces cerevisiae,WAxNA,diploid,F2,1,RM,1,8,,WAxNA_F2_1_RM_1_T8,WAxNA_F2_1_RM_1,79.41047598,ftp://ftp.sra.ebi.ac.uk/vol1/ERA414/ERA414364/cram/14893_4#32.cram
11822,2,82,ERS364078,2787STDY5607141,,Saccharomyces cerevisiae,WAxNA,diploid,F2,1,RM,1,16,,WAxNA_F2_1_RM_1_T16,WAxNA_F2_1_RM_1,96.26031687,ftp://ftp.sra.ebi.ac.uk/vol1/ERA291/ERA291805/cram/11822_2#82.cram
11822,2,84,ERS364080,2787STDY5607143,,Saccharomyces cerevisiae,WAxNA,diploid,F2,1,RM,1,32,,WAxNA_F2_1_RM_1_T32,WAxNA_F2_1_RM_1,96.6425435,ftp://ftp.sra.ebi.ac.uk/vol1/ERA291/ERA291805/cram/11822_2#84.cram
11823,1,38,ERS364073,2787STDY5607136,,Saccharomyces cerevisiae,WAxNA,diploid,F2,1,RM,2,2,,WAxNA_F2_1_RM_2_T2,WAxNA_F2_1_RM_2,29.60027616,ftp://ftp.sra.ebi.ac.uk/vol1/ERA291/ERA291805/cram/11823_1#38.cram
14893,4,29,ERS364073,2787STDY5607136,,Saccharomyces cerevisiae,WAxNA,diploid,F2,1,RM,2,2,,WAxNA_F2_1_RM_2_T2,WAxNA_F2_1_RM_2,70.78672849,ftp://ftp.sra.ebi.ac.uk/vol1/ERA414/ERA414364/cram/14893_4#29.cram
11823,1,40,ERS364075,2787STDY5607138,,Saccharomyces cerevisiae,WAxNA,diploid,F2,1,RM,2,4,,WAxNA_F2_1_RM_2_T4,WAxNA_F2_1_RM_2,29.39238006,ftp://ftp.sra.ebi.ac.uk/vol1/ERA291/ERA291805/cram/11823_1#40.cram
14893,4,31,ERS364075,2787STDY5607138,,Saccharomyces cerevisiae,WAxNA,diploid,F2,1,RM,2,4,,WAxNA_F2_1_RM_2_T4,WAxNA_F2_1_RM_2,74.05369871,ftp://ftp.sra.ebi.ac.uk/vol1/ERA414/ERA414364/cram/14893_4#31.cram
11823,1,42,ERS364077,2787STDY5607140,,Saccharomyces cerevisiae,WAxNA,diploid,F2,1,RM,2,8,,WAxNA_F2_1_RM_2_T8,WAxNA_F2_1_RM_2,30.71835452,ftp://ftp.sra.ebi.ac.uk/vol1/ERA291/ERA291805/cram/11823_1#42.cram
14893,4,33,ERS364077,2787STDY5607140,,Saccharomyces cerevisiae,WAxNA,diploid,F2,1,RM,2,8,,WAxNA_F2_1_RM_2_T8,WAxNA_F2_1_RM_2,79.81501924,ftp://ftp.sra.ebi.ac.uk/vol1/ERA414/ERA414364/cram/14893_4#33.cram
11822,2,83,ERS364079,2787STDY5607142,,Saccharomyces cerevisiae,WAxNA,diploid,F2,1,RM,2,16,,WAxNA_F2_1_RM_2_T16,WAxNA_F2_1_RM_2,96.02232727,ftp://ftp.sra.ebi.ac.uk/vol1/ERA291/ERA291805/cram/11822_2#83.cram
11822,2,85,ERS364081,2787STDY5607144,,Saccharomyces cerevisiae,WAxNA,diploid,F2,1,RM,2,32,,WAxNA_F2_1_RM_2_T32,WAxNA_F2_1_RM_2,97.53791633,ftp://ftp.sra.ebi.ac.uk/vol1/ERA291/ERA291805/cram/11822_2#85.cram
11822,2,81,ERS364071,2787STDY5607134,,Saccharomyces cerevisiae,WAxNA,diploid,F2,1,YPD,1,0,,WAxNA_F2_1_YPD_1_T0,WAxNA_F2_1_YPD_1,115.4558908,ftp://ftp.sra.ebi.ac.uk/vol1/ERA291/ERA291805/cram/11822_2#81.cram
11823,1,43,ERS364082,2787STDY5607145,,Saccharomyces cerevisiae,WAxNA,diploid,F2,1,YPD,1,32,,WAxNA_F2_1_YPD_1_T32,WAxNA_F2_1_YPD_1,27.95126493,ftp://ftp.sra.ebi.ac.uk/vol1/ERA291/ERA291805/cram/11823_1#43.cram
16356,5,9,ERS661882,2787STDY6029190,,Saccharomyces cerevisiae,WA,diploid,,,HU,1,2,,WA_HU_1_T2,WA_HU_1,34.72855034,ftp://ftp.sra.ebi.ac.uk/vol1/ERA475/ERA475224/cram/16356_5#9.cram
16549,4,9,ERS661882,2787STDY6029190,,Saccharomyces cerevisiae,WA,diploid,,,HU,1,2,,WA_HU_1_T2,WA_HU_1,37.0752057,ftp://ftp.sra.ebi.ac.uk/vol1/ERA476/ERA476774/cram/16549_4#9.cram
16356,5,45,ERS661918,2787STDY6029226,,Saccharomyces cerevisiae,WA,diploid,,,HU,1,4,,WA_HU_1_T4,WA_HU_1,27.14713317,ftp://ftp.sra.ebi.ac.uk/vol1/ERA475/ERA475224/cram/16356_5#45.cram
16549,4,45,ERS661918,2787STDY6029226,,Saccharomyces cerevisiae,WA,diploid,,,HU,1,4,,WA_HU_1_T4,WA_HU_1,29.39846681,ftp://ftp.sra.ebi.ac.uk/vol1/ERA476/ERA476774/cram/16549_4#45.cram
16356,6,3,ERS661954,2787STDY6029262,,Saccharomyces cerevisiae,WA,diploid,,,HU,1,8,,WA_HU_1_T8,WA_HU_1,21.38583184,ftp://ftp.sra.ebi.ac.uk/vol1/ERA475/ERA475224/cram/16356_6#3.cram
16549,5,3,ERS661954,2787STDY6029262,,Saccharomyces cerevisiae,WA,diploid,,,HU,1,8,,WA_HU_1_T8,WA_HU_1,23.78950025,ftp://ftp.sra.ebi.ac.uk/vol1/ERA476/ERA476774/cram/16549_5#3.cram
16356,6,39,ERS661990,2787STDY6029299,,Saccharomyces cerevisiae,WA,diploid,,,HU,1,16,,WA_HU_1_T16,WA_HU_1,16.84326782,ftp://ftp.sra.ebi.ac.uk/vol1/ERA475/ERA475224/cram/16356_6#39.cram
16549,5,39,ERS661990,2787STDY6029299,,Saccharomyces cerevisiae,WA,diploid,,,HU,1,16,,WA_HU_1_T16,WA_HU_1,18.41268354,ftp://ftp.sra.ebi.ac.uk/vol1/ERA476/ERA476774/cram/16549_5#39.cram
16356,6,75,ERS662026,2787STDY6029335,,Saccharomyces cerevisiae,WA,diploid,,,HU,1,32,,WA_HU_1_T32,WA_HU_1,22.99019115,ftp://ftp.sra.ebi.ac.uk/vol1/ERA475/ERA475224/cram/16356_6#75.cram
16549,5,75,ERS662026,2787STDY6029335,,Saccharomyces cerevisiae,WA,diploid,,,HU,1,32,,WA_HU_1_T32,WA_HU_1,26.44215438,ftp://ftp.sra.ebi.ac.uk/vol1/ERA476/ERA476774/cram/16549_5#75.cram
16356,5,10,ERS661883,2787STDY6029191,,Saccharomyces cerevisiae,WA,diploid,,,HU,2,2,,WA_HU_2_T2,WA_HU_2,36.45993847,ftp://ftp.sra.ebi.ac.uk/vol1/ERA475/ERA475224/cram/16356_5#10.cram
16549,4,10,ERS661883,2787STDY6029191,,Saccharomyces cerevisiae,WA,diploid,,,HU,2,2,,WA_HU_2_T2,WA_HU_2,38.86270422,ftp://ftp.sra.ebi.ac.uk/vol1/ERA476/ERA476774/cram/16549_4#10.cram
16356,5,46,ERS661919,2787STDY6029227,,Saccharomyces cerevisiae,WA,diploid,,,HU,2,4,,WA_HU_2_T4,WA_HU_2,37.63865803,ftp://ftp.sra.ebi.ac.uk/vol1/ERA475/ERA475224/cram/16356_5#46.cram
16549,4,46,ERS661919,2787STDY6029227,,Saccharomyces cerevisiae,WA,diploid,,,HU,2,4,,WA_HU_2_T4,WA_HU_2,40.22420205,ftp://ftp.sra.ebi.ac.uk/vol1/ERA476/ERA476774/cram/16549_4#46.cram
16356,6,4,ERS661955,2787STDY6029263,,Saccharomyces cerevisiae,WA,diploid,,,HU,2,8,,WA_HU_2_T8,WA_HU_2,20.13757078,ftp://ftp.sra.ebi.ac.uk/vol1/ERA475/ERA475224/cram/16356_6#4.cram
16549,5,4,ERS661955,2787STDY6029263,,Saccharomyces cerevisiae,WA,diploid,,,HU,2,8,,WA_HU_2_T8,WA_HU_2,21.98438361,ftp://ftp.sra.ebi.ac.uk/vol1/ERA476/ERA476774/cram/16549_5#4.cram
16356,6,40,ERS661991,2787STDY6029300,,Saccharomyces cerevisiae,WA,diploid,,,HU,2,16,,WA_HU_2_T16,WA_HU_2,13.61013704,ftp://ftp.sra.ebi.ac.uk/vol1/ERA475/ERA475224/cram/16356_6#40.cram
16549,5,40,ERS661991,2787STDY6029300,,Saccharomyces cerevisiae,WA,diploid,,,HU,2,16,,WA_HU_2_T16,WA_HU_2,15.0988527,ftp://ftp.sra.ebi.ac.uk/vol1/ERA476/ERA476774/cram/16549_5#40.cram
16356,6,76,ERS662027,2787STDY6029336,,Saccharomyces cerevisiae,WA,diploid,,,HU,2,32,,WA_HU_2_T32,WA_HU_2,31.70557536,ftp://ftp.sra.ebi.ac.uk/vol1/ERA475/ERA475224/cram/16356_6#76.cram
16549,5,76,ERS662027,2787STDY6029336,,Saccharomyces cerevisiae,WA,diploid,,,HU,2,32,,WA_HU_2_T32,WA_HU_2,33.90245346,ftp://ftp.sra.ebi.ac.uk/vol1/ERA476/ERA476774/cram/16549_5#76.cram
16356,5,25,ERS661898,2787STDY6029206,,Saccharomyces cerevisiae,WA,diploid,,,RM,1,2,,WA_RM_1_T2,WA_RM_1,39.79972671,ftp://ftp.sra.ebi.ac.uk/vol1/ERA475/ERA475224/cram/16356_5#25.cram
16549,4,25,ERS661898,2787STDY6029206,,Saccharomyces cerevisiae,WA,diploid,,,RM,1,2,,WA_RM_1_T2,WA_RM_1,42.9473365,ftp://ftp.sra.ebi.ac.uk/vol1/ERA476/ERA476774/cram/16549_4#25.cram
16356,5,61,ERS661934,2787STDY6029242,,Saccharomyces cerevisiae,WA,diploid,,,RM,1,4,,WA_RM_1_T4,WA_RM_1,35.43925042,ftp://ftp.sra.ebi.ac.uk/vol1/ERA475/ERA475224/cram/16356_5#61.cram
16549,4,61,ERS661934,2787STDY6029242,,Saccharomyces cerevisiae,WA,diploid,,,RM,1,4,,WA_RM_1_T4,WA_RM_1,38.57618883,ftp://ftp.sra.ebi.ac.uk/vol1/ERA476/ERA476774/cram/16549_4#61.cram
16356,6,19,ERS661970,2787STDY6029279,,Saccharomyces cerevisiae,WA,diploid,,,RM,1,8,,WA_RM_1_T8,WA_RM_1,44.93685772,ftp://ftp.sra.ebi.ac.uk/vol1/ERA475/ERA475224/cram/16356_6#19.cram
16549,5,19,ERS661970,2787STDY6029279,,Saccharomyces cerevisiae,WA,diploid,,,RM,1,8,,WA_RM_1_T8,WA_RM_1,44.10719785,ftp://ftp.sra.ebi.ac.uk/vol1/ERA476/ERA476774/cram/16549_5#19.cram
16356,6,55,ERS662006,2787STDY6029315,,Saccharomyces cerevisiae,WA,diploid,,,RM,1,16,,WA_RM_1_T16,WA_RM_1,49.45317149,ftp://ftp.sra.ebi.ac.uk/vol1/ERA475/ERA475224/cram/16356_6#55.cram
16549,5,55,ERS662006,2787STDY6029315,,Saccharomyces cerevisiae,WA,diploid,,,RM,1,16,,WA_RM_1_T16,WA_RM_1,48.41690595,ftp://ftp.sra.ebi.ac.uk/vol1/ERA476/ERA476774/cram/16549_5#55.cram
16356,7,13,ERS662042,2787STDY6029351,,Saccharomyces cerevisiae,WA,diploid,,,RM,1,32,,WA_RM_1_T32,WA_RM_1,45.72310967,ftp://ftp.sra.ebi.ac.uk/vol1/ERA475/ERA475224/cram/16356_7#13.cram
16549,6,13,ERS662042,2787STDY6029351,,Saccharomyces cerevisiae,WA,diploid,,,RM,1,32,,WA_RM_1_T32,WA_RM_1,49.06937753,ftp://ftp.sra.ebi.ac.uk/vol1/ERA476/ERA476774/cram/16549_6#13.cram
16356,5,26,ERS661899,2787STDY6029207,,Saccharomyces cerevisiae,WA,diploid,,,RM,2,2,,WA_RM_2_T2,WA_RM_2,38.70001585,ftp://ftp.sra.ebi.ac.uk/vol1/ERA475/ERA475224/cram/16356_5#26.cram
16549,4,26,ERS661899,2787STDY6029207,,Saccharomyces cerevisiae,WA,diploid,,,RM,2,2,,WA_RM_2_T2,WA_RM_2,43.10604689,ftp://ftp.sra.ebi.ac.uk/vol1/ERA476/ERA476774/cram/16549_4#26.cram
16356,5,62,ERS661935,2787STDY6029243,,Saccharomyces cerevisiae,WA,diploid,,,RM,2,4,,WA_RM_2_T4,WA_RM_2,39.50450514,ftp://ftp.sra.ebi.ac.uk/vol1/ERA475/ERA475224/cram/16356_5#62.cram
16549,4,62,ERS661935,2787STDY6029243,,Saccharomyces cerevisiae,WA,diploid,,,RM,2,4,,WA_RM_2_T4,WA_RM_2,44.30442923,ftp://ftp.sra.ebi.ac.uk/vol1/ERA476/ERA476774/cram/16549_4#62.cram
16356,6,20,ERS661971,2787STDY6029280,,Saccharomyces cerevisiae,WA,diploid,,,RM,2,8,,WA_RM_2_T8,WA_RM_2,44.37693962,ftp://ftp.sra.ebi.ac.uk/vol1/ERA475/ERA475224/cram/16356_6#20.cram
16549,5,20,ERS661971,2787STDY6029280,,Saccharomyces cerevisiae,WA,diploid,,,RM,2,8,,WA_RM_2_T8,WA_RM_2,44.14166541,ftp://ftp.sra.ebi.ac.uk/vol1/ERA476/ERA476774/cram/16549_5#20.cram
16356,6,56,ERS662007,2787STDY6029316,,Saccharomyces cerevisiae,WA,diploid,,,RM,2,16,,WA_RM_2_T16,WA_RM_2,49.66085453,ftp://ftp.sra.ebi.ac.uk/vol1/ERA475/ERA475224/cram/16356_6#56.cram
16549,5,56,ERS662007,2787STDY6029316,,Saccharomyces cerevisiae,WA,diploid,,,RM,2,16,,WA_RM_2_T16,WA_RM_2,49.23341312,ftp://ftp.sra.ebi.ac.uk/vol1/ERA476/ERA476774/cram/16549_5#56.cram
16356,7,14,ERS662043,2787STDY6029352,,Saccharomyces cerevisiae,WA,diploid,,,RM,2,32,,WA_RM_2_T32,WA_RM_2,46.15864117,ftp://ftp.sra.ebi.ac.uk/vol1/ERA475/ERA475224/cram/16356_7#14.cram
16549,6,14,ERS662043,2787STDY6029352,,Saccharomyces cerevisiae,WA,diploid,,,RM,2,32,,WA_RM_2_T32,WA_RM_2,49.73786774,ftp://ftp.sra.ebi.ac.uk/vol1/ERA476/ERA476774/cram/16549_6#14.cram
4505,7,2,ERS016990,,DBVPG6044,Saccharomyces cerevisiae,WA,haploid,,,YPD,,0,,WA_YPD_T0,WA_YPD,24.65909059,
4505,7,12,ERS016990,,DBVPG6044,Saccharomyces cerevisiae,WA,haploid,,,YPD,,0,,WA_YPD_T0,WA_YPD,,
16356,5,15,ERS661888,2787STDY6029196,,Saccharomyces cerevisiae,NA,diploid,,,HU,1,2,,NA_HU_1_T2,NA_HU_1,46.96931514,ftp://ftp.sra.ebi.ac.uk/vol1/ERA475/ERA475224/cram/16356_5#15.cram
16549,4,15,ERS661888,2787STDY6029196,,Saccharomyces cerevisiae,NA,diploid,,,HU,1,2,,NA_HU_1_T2,NA_HU_1,51.5923144,ftp://ftp.sra.ebi.ac.uk/vol1/ERA476/ERA476774/cram/16549_4#15.cram
16356,5,51,ERS661924,2787STDY6029232,,Saccharomyces cerevisiae,NA,diploid,,,HU,1,4,,NA_HU_1_T4,NA_HU_1,39.97017416,ftp://ftp.sra.ebi.ac.uk/vol1/ERA475/ERA475224/cram/16356_5#51.cram
16549,4,51,ERS661924,2787STDY6029232,,Saccharomyces cerevisiae,NA,diploid,,,HU,1,4,,NA_HU_1_T4,NA_HU_1,41.53814651,ftp://ftp.sra.ebi.ac.uk/vol1/ERA476/ERA476774/cram/16549_4#51.cram
16356,6,9,ERS661960,2787STDY6029268,,Saccharomyces cerevisiae,NA,diploid,,,HU,1,8,,NA_HU_1_T8,NA_HU_1,46.22259588,ftp://ftp.sra.ebi.ac.uk/vol1/ERA475/ERA475224/cram/16356_6#9.cram
16549,5,9,ERS661960,2787STDY6029268,,Saccharomyces cerevisiae,NA,diploid,,,HU,1,8,,NA_HU_1_T8,NA_HU_1,47.16862891,ftp://ftp.sra.ebi.ac.uk/vol1/ERA476/ERA476774/cram/16549_5#9.cram
16356,6,45,ERS661996,2787STDY6029305,,Saccharomyces cerevisiae,NA,diploid,,,HU,1,16,,NA_HU_1_T16,NA_HU_1,28.53780013,ftp://ftp.sra.ebi.ac.uk/vol1/ERA475/ERA475224/cram/16356_6#45.cram
16549,5,45,ERS661996,2787STDY6029305,,Saccharomyces cerevisiae,NA,diploid,,,HU,1,16,,NA_HU_1_T16,NA_HU_1,28.83281198,ftp://ftp.sra.ebi.ac.uk/vol1/ERA476/ERA476774/cram/16549_5#45.cram
16356,7,3,ERS662032,2787STDY6029341,,Saccharomyces cerevisiae,NA,diploid,,,HU,1,32,,NA_HU_1_T32,NA_HU_1,49.27411074,ftp://ftp.sra.ebi.ac.uk/vol1/ERA475/ERA475224/cram/16356_7#3.cram
16549,6,3,ERS662032,2787STDY6029341,,Saccharomyces cerevisiae,NA,diploid,,,HU,1,32,,NA_HU_1_T32,NA_HU_1,54.32388568,ftp://ftp.sra.ebi.ac.uk/vol1/ERA476/ERA476774/cram/16549_6#3.cram
16356,5,16,ERS661889,2787STDY6029197,,Saccharomyces cerevisiae,NA,diploid,,,HU,2,2,,NA_HU_2_T2,NA_HU_2,48.93539713,ftp://ftp.sra.ebi.ac.uk/vol1/ERA475/ERA475224/cram/16356_5#16.cram
16549,4,16,ERS661889,2787STDY6029197,,Saccharomyces cerevisiae,NA,diploid,,,HU,2,2,,NA_HU_2_T2,NA_HU_2,53.67749912,ftp://ftp.sra.ebi.ac.uk/vol1/ERA476/ERA476774/cram/16549_4#16.cram
16356,5,52,ERS661925,2787STDY6029233,,Saccharomyces cerevisiae,NA,diploid,,,HU,2,4,,NA_HU_2_T4,NA_HU_2,40.75636667,ftp://ftp.sra.ebi.ac.uk/vol1/ERA475/ERA475224/cram/16356_5#52.cram
16549,4,52,ERS661925,2787STDY6029233,,Saccharomyces cerevisiae,NA,diploid,,,HU,2,4,,NA_HU_2_T4,NA_HU_2,42.96735652,ftp://ftp.sra.ebi.ac.uk/vol1/ERA476/ERA476774/cram/16549_4#52.cram
16356,6,10,ERS661961,2787STDY6029269,,Saccharomyces cerevisiae,NA,diploid,,,HU,2,8,,NA_HU_2_T8,NA_HU_2,24.02208611,ftp://ftp.sra.ebi.ac.uk/vol1/ERA475/ERA475224/cram/16356_6#10.cram
16549,5,10,ERS661961,2787STDY6029269,,Saccharomyces cerevisiae,NA,diploid,,,HU,2,8,,NA_HU_2_T8,NA_HU_2,27.94004347,ftp://ftp.sra.ebi.ac.uk/vol1/ERA476/ERA476774/cram/16549_5#10.cram
16356,6,46,ERS661997,2787STDY6029306,,Saccharomyces cerevisiae,NA,diploid,,,HU,2,16,,NA_HU_2_T16,NA_HU_2,17.15232844,ftp://ftp.sra.ebi.ac.uk/vol1/ERA475/ERA475224/cram/16356_6#46.cram
16549,5,46,ERS661997,2787STDY6029306,,Saccharomyces cerevisiae,NA,diploid,,,HU,2,16,,NA_HU_2_T16,NA_HU_2,18.05861307,ftp://ftp.sra.ebi.ac.uk/vol1/ERA476/ERA476774/cram/16549_5#46.cram
16356,7,4,ERS662033,2787STDY6029342,,Saccharomyces cerevisiae,NA,diploid,,,HU,2,32,,NA_HU_2_T32,NA_HU_2,46.98914561,ftp://ftp.sra.ebi.ac.uk/vol1/ERA475/ERA475224/cram/16356_7#4.cram
16549,6,4,ERS662033,2787STDY6029342,,Saccharomyces cerevisiae,NA,diploid,,,HU,2,32,,NA_HU_2_T32,NA_HU_2,50.13043194,ftp://ftp.sra.ebi.ac.uk/vol1/ERA476/ERA476774/cram/16549_6#4.cram
16356,5,31,ERS661904,2787STDY6029212,,Saccharomyces cerevisiae,NA,diploid,,,RM,1,2,,NA_RM_1_T2,NA_RM_1,42.37937171,ftp://ftp.sra.ebi.ac.uk/vol1/ERA475/ERA475224/cram/16356_5#31.cram
16549,4,31,ERS661904,2787STDY6029212,,Saccharomyces cerevisiae,NA,diploid,,,RM,1,2,,NA_RM_1_T2,NA_RM_1,45.92718661,ftp://ftp.sra.ebi.ac.uk/vol1/ERA476/ERA476774/cram/16549_4#31.cram
16356,5,67,ERS661940,2787STDY6029248,,Saccharomyces cerevisiae,NA,diploid,,,RM,1,4,,NA_RM_1_T4,NA_RM_1,39.16405139,ftp://ftp.sra.ebi.ac.uk/vol1/ERA475/ERA475224/cram/16356_5#67.cram
16549,4,67,ERS661940,2787STDY6029248,,Saccharomyces cerevisiae,NA,diploid,,,RM,1,4,,NA_RM_1_T4,NA_RM_1,41.82215089,ftp://ftp.sra.ebi.ac.uk/vol1/ERA476/ERA476774/cram/16549_4#67.cram
16356,6,25,ERS661976,2787STDY6029285,,Saccharomyces cerevisiae,NA,diploid,,,RM,1,8,,NA_RM_1_T8,NA_RM_1,46.1354239,ftp://ftp.sra.ebi.ac.uk/vol1/ERA475/ERA475224/cram/16356_6#25.cram
16549,5,25,ERS661976,2787STDY6029285,,Saccharomyces cerevisiae,NA,diploid,,,RM,1,8,,NA_RM_1_T8,NA_RM_1,45.33350375,ftp://ftp.sra.ebi.ac.uk/vol1/ERA476/ERA476774/cram/16549_5#25.cram
16356,6,61,ERS662012,2787STDY6029321,,Saccharomyces cerevisiae,NA,diploid,,,RM,1,16,,NA_RM_1_T16,NA_RM_1,45.56366914,ftp://ftp.sra.ebi.ac.uk/vol1/ERA475/ERA475224/cram/16356_6#61.cram
16549,5,61,ERS662012,2787STDY6029321,,Saccharomyces cerevisiae,NA,diploid,,,RM,1,16,,NA_RM_1_T16,NA_RM_1,46.17469916,ftp://ftp.sra.ebi.ac.uk/vol1/ERA476/ERA476774/cram/16549_5#61.cram
16356,7,19,ERS662048,2787STDY6029357,,Saccharomyces cerevisiae,NA,diploid,,,RM,1,32,,NA_RM_1_T32,NA_RM_1,44.10358656,ftp://ftp.sra.ebi.ac.uk/vol1/ERA475/ERA475224/cram/16356_7#19.cram
16549,6,19,ERS662048,2787STDY6029357,,Saccharomyces cerevisiae,NA,diploid,,,RM,1,32,,NA_RM_1_T32,NA_RM_1,46.81671668,ftp://ftp.sra.ebi.ac.uk/vol1/ERA476/ERA476774/cram/16549_6#19.cram
16356,5,32,ERS661905,2787STDY6029213,,Saccharomyces cerevisiae,NA,diploid,,,RM,2,2,,NA_RM_2_T2,NA_RM_2,45.20713915,ftp://ftp.sra.ebi.ac.uk/vol1/ERA475/ERA475224/cram/16356_5#32.cram
16549,4,32,ERS661905,2787STDY6029213,,Saccharomyces cerevisiae,NA,diploid,,,RM,2,2,,NA_RM_2_T2,NA_RM_2,48.29191322,ftp://ftp.sra.ebi.ac.uk/vol1/ERA476/ERA476774/cram/16549_4#32.cram
16356,5,68,ERS661941,2787STDY6029249,,Saccharomyces cerevisiae,NA,diploid,,,RM,2,4,,NA_RM_2_T4,NA_RM_2,38.74231472,ftp://ftp.sra.ebi.ac.uk/vol1/ERA475/ERA475224/cram/16356_5#68.cram
16549,4,68,ERS661941,2787STDY6029249,,Saccharomyces cerevisiae,NA,diploid,,,RM,2,4,,NA_RM_2_T4,NA_RM_2,43.03390024,ftp://ftp.sra.ebi.ac.uk/vol1/ERA476/ERA476774/cram/16549_4#68.cram
16356,6,26,ERS661977,2787STDY6029286,,Saccharomyces cerevisiae,NA,diploid,,,RM,2,8,,NA_RM_2_T8,NA_RM_2,41.91321867,ftp://ftp.sra.ebi.ac.uk/vol1/ERA475/ERA475224/cram/16356_6#26.cram
16549,5,26,ERS661977,2787STDY6029286,,Saccharomyces cerevisiae,NA,diploid,,,RM,2,8,,NA_RM_2_T8,NA_RM_2,42.65345456,ftp://ftp.sra.ebi.ac.uk/vol1/ERA476/ERA476774/cram/16549_5#26.cram
16356,6,62,ERS662013,2787STDY6029322,,Saccharomyces cerevisiae,NA,diploid,,,RM,2,16,,NA_RM_2_T16,NA_RM_2,43.79226635,ftp://ftp.sra.ebi.ac.uk/vol1/ERA475/ERA475224/cram/16356_6#62.cram
16549,5,62,ERS662013,2787STDY6029322,,Saccharomyces cerevisiae,NA,diploid,,,RM,2,16,,NA_RM_2_T16,NA_RM_2,45.43503229,ftp://ftp.sra.ebi.ac.uk/vol1/ERA476/ERA476774/cram/16549_5#62.cram
16356,7,20,ERS662049,2787STDY6029358,,Saccharomyces cerevisiae,NA,diploid,,,RM,2,32,,NA_RM_2_T32,NA_RM_2,42.87250712,ftp://ftp.sra.ebi.ac.uk/vol1/ERA475/ERA475224/cram/16356_7#20.cram
16549,6,20,ERS662049,2787STDY6029358,,Saccharomyces cerevisiae,NA,diploid,,,RM,2,32,,NA_RM_2_T32,NA_RM_2,46.53233024,ftp://ftp.sra.ebi.ac.uk/vol1/ERA476/ERA476774/cram/16549_6#20.cram
4505,7,1,ERS016989,,YPS128,Saccharomyces cerevisiae,NA,haploid,,,YPD,,0,,NA_YPD_T0,NA_YPD,48.06474373,
4505,8,1,ERS016989,,YPS128,Saccharomyces cerevisiae,NA,haploid,,,YPD,,0,,NA_YPD_T0,NA_YPD,,