run_1,lane_1,tag_1,run_2,lane_2,tag_2,sample_accession_number,sanger_sample_id,nice_sample_id,species,background,ploidy,cross,cross_rep,selection,selection_rep,time,clone,sample,population,coverage
8616,5,6,8939,1,6,ERS169291,R1_HU_T2,,Saccharomyces cerevisiae,WAxNA,diploid,F12,1,HU,1,2,,WAxNA_F12_1_HU_1_T2,WAxNA_F12_1_HU_1,89.64918417
8616,5,18,8939,1,18,ERS169307,R1_HU_T4,,Saccharomyces cerevisiae,WAxNA,diploid,F12,1,HU,1,4,,WAxNA_F12_1_HU_1_T4,WAxNA_F12_1_HU_1,86.23916884
8616,5,29,8939,1,29,ERS169319,R1_HU_T8,,Saccharomyces cerevisiae,WAxNA,diploid,F12,1,HU,1,8,,WAxNA_F12_1_HU_1_T8,WAxNA_F12_1_HU_1,85.44247477
8616,5,40,8939,1,40,ERS169330,R1_HU_T16,,Saccharomyces cerevisiae,WAxNA,diploid,F12,1,HU,1,16,,WAxNA_F12_1_HU_1_T16,WAxNA_F12_1_HU_1,99.60734619
11823,1,47,,,,ERS364086,2787STDY5607149,YGL1327,Saccharomyces cerevisiae,WAxNA,diploid,F12,1,HU,1,32,1,WAxNA_F12_1_HU_1_T32_C1,WAxNA_F12_1_HU_1,28.79503212
11823,1,48,,,,ERS364087,2787STDY5607150,YGL1330,Saccharomyces cerevisiae,WAxNA,diploid,F12,1,HU,1,32,2,WAxNA_F12_1_HU_1_T32_C2,WAxNA_F12_1_HU_1,27.11630729
8616,5,52,8939,1,52,ERS169342,R1_HU_T32,,Saccharomyces cerevisiae,WAxNA,diploid,F12,1,HU,1,32,,WAxNA_F12_1_HU_1_T32,WAxNA_F12_1_HU_1,87.27429498
11823,1,27,14893,4,18,ERS364053,2787STDY5607116,,Saccharomyces cerevisiae,WAxNA,diploid,F12,1,HU,2,2,,WAxNA_F12_1_HU_2_T2,WAxNA_F12_1_HU_2,103.4798291
11823,1,31,14893,4,22,ERS364057,2787STDY5607120,,Saccharomyces cerevisiae,WAxNA,diploid,F12,1,HU,2,4,,WAxNA_F12_1_HU_2_T4,WAxNA_F12_1_HU_2,104.1125708
11823,1,35,14893,4,26,ERS364061,2787STDY5607124,,Saccharomyces cerevisiae,WAxNA,diploid,F12,1,HU,2,8,,WAxNA_F12_1_HU_2_T8,WAxNA_F12_1_HU_2,105.5665798
11822,2,76,,,,ERS364065,2787STDY5607128,,Saccharomyces cerevisiae,WAxNA,diploid,F12,1,HU,2,16,,WAxNA_F12_1_HU_2_T16,WAxNA_F12_1_HU_2,90.90065487
11823,1,69,,,,ERS364255,2787STDY5623205,YGL1433,Saccharomyces cerevisiae,WAxNA,diploid,F12,1,HU,2,32,1,WAxNA_F12_1_HU_2_T32_C1,WAxNA_F12_1_HU_2,28.99357581
11823,1,70,,,,ERS364256,2787STDY5623206,YGL1434,Saccharomyces cerevisiae,WAxNA,diploid,F12,1,HU,2,32,2,WAxNA_F12_1_HU_2_T32_C2,WAxNA_F12_1_HU_2,28.71977172
11823,1,92,14893,4,36,ERS369977,2787STDY5644704,,Saccharomyces cerevisiae,WAxNA,diploid,F12,1,HU,2,32,,WAxNA_F12_1_HU_2_T32,WAxNA_F12_1_HU_2,101.5250872
11823,1,6,14893,4,5,ERS364013,2787STDY5607076,,Saccharomyces cerevisiae,WAxNA,diploid,F12,1,HU,3,2,,WAxNA_F12_1_HU_3_T2,WAxNA_F12_1_HU_3,138.1370323
11823,1,13,14893,4,10,ERS364021,2787STDY5607084,,Saccharomyces cerevisiae,WAxNA,diploid,F12,1,HU,3,4,,WAxNA_F12_1_HU_3_T4,WAxNA_F12_1_HU_3,94.13166379
11823,1,20,14893,4,15,ERS364029,2787STDY5607092,,Saccharomyces cerevisiae,WAxNA,diploid,F12,1,HU,3,8,,WAxNA_F12_1_HU_3_T8,WAxNA_F12_1_HU_3,112.1557401
11823,1,90,14893,4,34,ERS369975,2787STDY5644702,,Saccharomyces cerevisiae,WAxNA,diploid,F12,1,HU,3,16,,WAxNA_F12_1_HU_3_T16,WAxNA_F12_1_HU_3,102.2287596
11823,1,79,,,,ERS364265,2787STDY5623215,YGL1443,Saccharomyces cerevisiae,WAxNA,diploid,F12,1,HU,3,32,1,WAxNA_F12_1_HU_3_T32_C1,WAxNA_F12_1_HU_3,31.6474298
11823,1,80,,,,ERS364266,2787STDY5623216,YGL1444,Saccharomyces cerevisiae,WAxNA,diploid,F12,1,HU,3,32,2,WAxNA_F12_1_HU_3_T32_C2,WAxNA_F12_1_HU_3,28.48340333
11823,1,81,,,,ERS364267,2787STDY5623217,YGL1445,Saccharomyces cerevisiae,WAxNA,diploid,F12,1,HU,3,32,3,WAxNA_F12_1_HU_3_T32_C3,WAxNA_F12_1_HU_3,35.99339477
11823,1,82,,,,ERS364268,2787STDY5623218,YGL1446,Saccharomyces cerevisiae,WAxNA,diploid,F12,1,HU,3,32,4,WAxNA_F12_1_HU_3_T32_C4,WAxNA_F12_1_HU_3,36.00842818
11823,1,83,,,,ERS364269,2787STDY5623219,YGL1447,Saccharomyces cerevisiae,WAxNA,diploid,F12,1,HU,3,32,5,WAxNA_F12_1_HU_3_T32_C5,WAxNA_F12_1_HU_3,30.2972968
11823,1,84,,,,ERS364270,2787STDY5623220,YGL1448,Saccharomyces cerevisiae,WAxNA,diploid,F12,1,HU,3,32,6,WAxNA_F12_1_HU_3_T32_C6,WAxNA_F12_1_HU_3,34.53711067
11822,2,70,,,,ERS364045,2787STDY5607108,,Saccharomyces cerevisiae,WAxNA,diploid,F12,1,HU,3,32,,WAxNA_F12_1_HU_3_T32,WAxNA_F12_1_HU_3,82.26473339
8616,5,5,8939,1,5,ERS169290,R1_RA_T2,,Saccharomyces cerevisiae,WAxNA,diploid,F12,1,RM,1,2,,WAxNA_F12_1_RM_1_T2,WAxNA_F12_1_RM_1,99.13813865
8616,5,17,8939,1,17,ERS169306,R1_RA_T4,,Saccharomyces cerevisiae,WAxNA,diploid,F12,1,RM,1,4,,WAxNA_F12_1_RM_1_T4,WAxNA_F12_1_RM_1,102.202426
8616,5,28,8939,1,28,ERS169318,R1_RA_T8,,Saccharomyces cerevisiae,WAxNA,diploid,F12,1,RM,1,8,,WAxNA_F12_1_RM_1_T8,WAxNA_F12_1_RM_1,119.7224037
8616,5,39,8939,1,39,ERS169329,R1_RA_T16,,Saccharomyces cerevisiae,WAxNA,diploid,F12,1,RM,1,16,,WAxNA_F12_1_RM_1_T16,WAxNA_F12_1_RM_1,87.13138897
11823,1,44,,,,ERS364083,2787STDY5607146,YGL1309,Saccharomyces cerevisiae,WAxNA,haploid,F12,1,RM,1,32,1,WAxNA_F12_1_RM_1_T32_C1,WAxNA_F12_1_RM_1,28.26667688
11823,1,45,,,,ERS364084,2787STDY5607147,YGL1312,Saccharomyces cerevisiae,WAxNA,diploid,F12,1,RM,1,32,2,WAxNA_F12_1_RM_1_T32_C2,WAxNA_F12_1_RM_1,31.31033463
11823,1,46,,,,ERS364085,2787STDY5607148,YGL1315,Saccharomyces cerevisiae,WAxNA,diploid,F12,1,RM,1,32,3,WAxNA_F12_1_RM_1_T32_C3,WAxNA_F12_1_RM_1,31.15550067
8616,5,51,8939,1,51,ERS169341,R1_RA_T32,,Saccharomyces cerevisiae,WAxNA,diploid,F12,1,RM,1,32,,WAxNA_F12_1_RM_1_T32,WAxNA_F12_1_RM_1,96.32623806
11823,1,25,14893,4,16,ERS364051,2787STDY5607114,,Saccharomyces cerevisiae,WAxNA,diploid,F12,1,RM,2,2,,WAxNA_F12_1_RM_2_T2,WAxNA_F12_1_RM_2,116.0453521
11823,1,29,14893,4,20,ERS364055,2787STDY5607118,,Saccharomyces cerevisiae,WAxNA,diploid,F12,1,RM,2,4,,WAxNA_F12_1_RM_2_T4,WAxNA_F12_1_RM_2,111.7221532
11823,1,33,14893,4,24,ERS364059,2787STDY5607122,,Saccharomyces cerevisiae,WAxNA,diploid,F12,1,RM,2,8,,WAxNA_F12_1_RM_2_T8,WAxNA_F12_1_RM_2,106.3932075
11822,2,74,,,,ERS364063,2787STDY5607126,,Saccharomyces cerevisiae,WAxNA,diploid,F12,1,RM,2,16,,WAxNA_F12_1_RM_2_T16,WAxNA_F12_1_RM_2,89.04430334
11823,1,58,,,,ERS364098,2787STDY5607161,YGL1421,Saccharomyces cerevisiae,WAxNA,diploid,F12,1,RM,2,32,1,WAxNA_F12_1_RM_2_T32_C1,WAxNA_F12_1_RM_2,27.72773903
11823,1,59,,,,ERS364099,2787STDY5607162,YGL1422,Saccharomyces cerevisiae,WAxNA,diploid,F12,1,RM,2,32,2,WAxNA_F12_1_RM_2_T32_C2,WAxNA_F12_1_RM_2,29.40371468
11823,1,62,,,,ERS364102,2787STDY5607165,YGL1425,Saccharomyces cerevisiae,WAxNA,diploid,F12,1,RM,2,32,3,WAxNA_F12_1_RM_2_T32_C3,WAxNA_F12_1_RM_2,28.18535479
11823,1,63,,,,ERS364248,2787STDY5623198,YGL1426,Saccharomyces cerevisiae,WAxNA,diploid,F12,1,RM,2,32,4,WAxNA_F12_1_RM_2_T32_C4,WAxNA_F12_1_RM_2,29.31039575
11823,1,64,,,,ERS364249,2787STDY5623199,YGL1427,Saccharomyces cerevisiae,WAxNA,diploid,F12,1,RM,2,32,5,WAxNA_F12_1_RM_2_T32_C5,WAxNA_F12_1_RM_2,27.45992013
11823,1,65,,,,ERS364250,2787STDY5623200,YGL1428,Saccharomyces cerevisiae,WAxNA,diploid,F12,1,RM,2,32,6,WAxNA_F12_1_RM_2_T32_C6,WAxNA_F12_1_RM_2,31.49509399
11822,2,78,,,,ERS364067,2787STDY5607130,,Saccharomyces cerevisiae,WAxNA,diploid,F12,1,RM,2,32,,WAxNA_F12_1_RM_2_T32,WAxNA_F12_1_RM_2,95.48565292
11823,1,2,14893,4,1,ERS364009,2787STDY5607072,,Saccharomyces cerevisiae,WAxNA,diploid,F12,1,RM,3,2,,WAxNA_F12_1_RM_3_T2,WAxNA_F12_1_RM_3,130.3694043
11823,1,9,14893,4,6,ERS364017,2787STDY5607080,,Saccharomyces cerevisiae,WAxNA,diploid,F12,1,RM,3,4,,WAxNA_F12_1_RM_3_T4,WAxNA_F12_1_RM_3,138.0542019
11823,1,16,14893,4,11,ERS364025,2787STDY5607088,,Saccharomyces cerevisiae,WAxNA,diploid,F12,1,RM,3,8,,WAxNA_F12_1_RM_3_T8,WAxNA_F12_1_RM_3,101.854035
11822,2,60,,,,ERS364033,2787STDY5607096,,Saccharomyces cerevisiae,WAxNA,diploid,F12,1,RM,3,16,,WAxNA_F12_1_RM_3_T16,WAxNA_F12_1_RM_3,93.68847657
11823,1,75,,,,ERS364261,2787STDY5623211,YGL1439,Saccharomyces cerevisiae,WAxNA,diploid,F12,1,RM,3,32,1,WAxNA_F12_1_RM_3_T32_C1,WAxNA_F12_1_RM_3,31.83883369
11823,1,76,,,,ERS364262,2787STDY5623212,YGL1440,Saccharomyces cerevisiae,WAxNA,diploid,F12,1,RM,3,32,2,WAxNA_F12_1_RM_3_T32_C2,WAxNA_F12_1_RM_3,35.78953561
11823,1,77,,,,ERS364263,2787STDY5623213,YGL1441,Saccharomyces cerevisiae,WAxNA,diploid,F12,1,RM,3,32,3,WAxNA_F12_1_RM_3_T32_C3,WAxNA_F12_1_RM_3,28.34073876
11822,2,66,,,,ERS364041,2787STDY5607104,,Saccharomyces cerevisiae,WAxNA,diploid,F12,1,RM,3,32,,WAxNA_F12_1_RM_3_T32,WAxNA_F12_1_RM_3,90.30257941
11823,1,3,14893,4,2,ERS364010,2787STDY5607073,,Saccharomyces cerevisiae,WAxNA,diploid,F12,1,RM,4,2,,WAxNA_F12_1_RM_4_T2,WAxNA_F12_1_RM_4,140.7436272
11823,1,10,14893,4,7,ERS364018,2787STDY5607081,,Saccharomyces cerevisiae,WAxNA,diploid,F12,1,RM,4,4,,WAxNA_F12_1_RM_4_T4,WAxNA_F12_1_RM_4,128.3232784
11823,1,17,14893,4,12,ERS364026,2787STDY5607089,,Saccharomyces cerevisiae,WAxNA,diploid,F12,1,RM,4,8,,WAxNA_F12_1_RM_4_T8,WAxNA_F12_1_RM_4,107.9117882
11822,2,61,,,,ERS364034,2787STDY5607097,,Saccharomyces cerevisiae,WAxNA,diploid,F12,1,RM,4,16,,WAxNA_F12_1_RM_4_T16,WAxNA_F12_1_RM_4,97.12492139
11822,2,67,,,,ERS364042,2787STDY5607105,,Saccharomyces cerevisiae,WAxNA,diploid,F12,1,RM,4,32,,WAxNA_F12_1_RM_4_T32,WAxNA_F12_1_RM_4,91.27004637
8616,5,1,8939,1,1,ERS169285,R1_MO_T0,,Saccharomyces cerevisiae,WAxNA,diploid,F12,1,YPD,1,0,,WAxNA_F12_1_YPD_1_T0,WAxNA_F12_1_YPD_1,94.80747228
8616,5,3,8939,1,3,ERS169287,R1_MO_T2,,Saccharomyces cerevisiae,WAxNA,diploid,F12,1,YPD,1,2,,WAxNA_F12_1_YPD_1_T2,WAxNA_F12_1_YPD_1,111.5625949
8616,5,15,8939,1,15,ERS169304,R1_MO_T4,,Saccharomyces cerevisiae,WAxNA,diploid,F12,1,YPD,1,4,,WAxNA_F12_1_YPD_1_T4,WAxNA_F12_1_YPD_1,93.56084971
8616,5,37,8939,1,37,ERS169327,R1_MO_T16,,Saccharomyces cerevisiae,WAxNA,diploid,F12,1,YPD,1,16,,WAxNA_F12_1_YPD_1_T16,WAxNA_F12_1_YPD_1,80.32950717
8616,5,49,8939,1,49,ERS169339,R1_MO_T32,,Saccharomyces cerevisiae,WAxNA,diploid,F12,1,YPD,1,32,,WAxNA_F12_1_YPD_1_T32,WAxNA_F12_1_YPD_1,91.49145233
11823,1,1,,,,ERS364007,2787STDY5607070,,Saccharomyces cerevisiae,WAxNA,diploid,F12,1,YPD,2,0,,WAxNA_F12_1_YPD_2_T0,WAxNA_F12_1_YPD_2,36.06414573
11823,1,23,,,,ERS364049,2787STDY5607112,,Saccharomyces cerevisiae,WAxNA,diploid,F12,1,YPD,2,32,,WAxNA_F12_1_YPD_2_T32,WAxNA_F12_1_YPD_2,29.92335393
16356,7,77,16549,6,77,ERS662106,2787STDY6029416,,Saccharomyces cerevisiae,WAxNA,diploid,F12,1,YPD,3,0,,WAxNA_F12_1_YPD_3_T0,WAxNA_F12_1_YPD_3,59.74890886
16356,7,33,16549,6,33,ERS662062,2787STDY6029371,,Saccharomyces cerevisiae,WAxNA,diploid,F12,1,YPD,3,2,,WAxNA_F12_1_YPD_3_T2,WAxNA_F12_1_YPD_3,83.41927415
16356,7,43,16549,6,43,ERS662072,2787STDY6029382,,Saccharomyces cerevisiae,WAxNA,diploid,F12,1,YPD,3,4,,WAxNA_F12_1_YPD_3_T4,WAxNA_F12_1_YPD_3,71.55703185
16356,7,53,16549,6,53,ERS662082,2787STDY6029392,,Saccharomyces cerevisiae,WAxNA,diploid,F12,1,YPD,3,8,,WAxNA_F12_1_YPD_3_T8,WAxNA_F12_1_YPD_3,78.75353696
16356,7,63,16549,6,63,ERS662092,2787STDY6029402,,Saccharomyces cerevisiae,WAxNA,diploid,F12,1,YPD,3,16,,WAxNA_F12_1_YPD_3_T16,WAxNA_F12_1_YPD_3,80.41717828
16356,7,73,16549,6,73,ERS662102,2787STDY6029412,,Saccharomyces cerevisiae,WAxNA,diploid,F12,1,YPD,3,32,,WAxNA_F12_1_YPD_3_T32,WAxNA_F12_1_YPD_3,69.0686972
6738,5,1,,,,ERS041750,Ura3_1,,Saccharomyces cerevisiae,WAxNA,haploid,F12,1,YPD,,0,1,WAxNA_F12_1_YPD_T0_C1,WAxNA_F12_1_YPD,18.97737466
6738,5,2,,,,ERS041751,Ura3_2,,Saccharomyces cerevisiae,WAxNA,haploid,F12,1,YPD,,0,2,WAxNA_F12_1_YPD_T0_C2,WAxNA_F12_1_YPD,18.23390843
6738,5,3,,,,ERS041752,Ura3_3,,Saccharomyces cerevisiae,WAxNA,haploid,F12,1,YPD,,0,3,WAxNA_F12_1_YPD_T0_C3,WAxNA_F12_1_YPD,20.21699146
6738,5,4,,,,ERS041753,Ura3_4,,Saccharomyces cerevisiae,WAxNA,haploid,F12,1,YPD,,0,4,WAxNA_F12_1_YPD_T0_C4,WAxNA_F12_1_YPD,17.55347283
6738,5,5,,,,ERS041754,Ura3_5,,Saccharomyces cerevisiae,WAxNA,haploid,F12,1,YPD,,0,5,WAxNA_F12_1_YPD_T0_C5,WAxNA_F12_1_YPD,15.3152203
6738,5,6,,,,ERS041755,Ura3_6,,Saccharomyces cerevisiae,WAxNA,haploid,F12,1,YPD,,0,6,WAxNA_F12_1_YPD_T0_C6,WAxNA_F12_1_YPD,15.95677684
6738,5,7,,,,ERS041756,Ura3_7,,Saccharomyces cerevisiae,WAxNA,haploid,F12,1,YPD,,0,7,WAxNA_F12_1_YPD_T0_C7,WAxNA_F12_1_YPD,15.75305766
6738,5,8,,,,ERS041757,Ura3_8,,Saccharomyces cerevisiae,WAxNA,haploid,F12,1,YPD,,0,8,WAxNA_F12_1_YPD_T0_C8,WAxNA_F12_1_YPD,29.92672672
6738,5,9,,,,ERS041758,Ura3_9,,Saccharomyces cerevisiae,WAxNA,haploid,F12,1,YPD,,0,9,WAxNA_F12_1_YPD_T0_C9,WAxNA_F12_1_YPD,14.09175247
6738,5,10,,,,ERS041759,Ura3_10,,Saccharomyces cerevisiae,WAxNA,haploid,F12,1,YPD,,0,10,WAxNA_F12_1_YPD_T0_C10,WAxNA_F12_1_YPD,21.51098752
6738,5,11,,,,ERS041760,Ura3_11,,Saccharomyces cerevisiae,WAxNA,diploid,F12,1,YPD,,0,11,WAxNA_F12_1_YPD_T0_C11,WAxNA_F12_1_YPD,23.55821733
6738,5,12,,,,ERS041761,Ura3_13,,Saccharomyces cerevisiae,WAxNA,haploid,F12,1,YPD,,0,12,WAxNA_F12_1_YPD_T0_C12,WAxNA_F12_1_YPD,34.24292708
6738,5,13,,,,ERS041762,Ura3_14,,Saccharomyces cerevisiae,WAxNA,haploid,F12,1,YPD,,0,13,WAxNA_F12_1_YPD_T0_C13,WAxNA_F12_1_YPD,16.83410119
6738,5,14,,,,ERS041763,Ura3_15,,Saccharomyces cerevisiae,WAxNA,haploid,F12,1,YPD,,0,14,WAxNA_F12_1_YPD_T0_C14,WAxNA_F12_1_YPD,13.07049984
6738,5,15,,,,ERS041764,Ura3_16,,Saccharomyces cerevisiae,WAxNA,haploid,F12,1,YPD,,0,15,WAxNA_F12_1_YPD_T0_C15,WAxNA_F12_1_YPD,13.74027111
6738,5,16,,,,ERS041765,Ura3_17,,Saccharomyces cerevisiae,WAxNA,haploid,F12,1,YPD,,0,16,WAxNA_F12_1_YPD_T0_C16,WAxNA_F12_1_YPD,22.55439137
6738,5,17,,,,ERS041766,Ura3_18,,Saccharomyces cerevisiae,WAxNA,haploid,F12,1,YPD,,0,17,WAxNA_F12_1_YPD_T0_C17,WAxNA_F12_1_YPD,21.51035778
6738,5,18,,,,ERS041767,Ura3_19,,Saccharomyces cerevisiae,WAxNA,haploid,F12,1,YPD,,0,18,WAxNA_F12_1_YPD_T0_C18,WAxNA_F12_1_YPD,14.07721055
6738,5,19,,,,ERS041768,Ura3_21,,Saccharomyces cerevisiae,WAxNA,haploid,F12,1,YPD,,0,19,WAxNA_F12_1_YPD_T0_C19,WAxNA_F12_1_YPD,13.69418729
6738,5,20,,,,ERS041769,Ura3_22,,Saccharomyces cerevisiae,WAxNA,haploid,F12,1,YPD,,0,20,WAxNA_F12_1_YPD_T0_C20,WAxNA_F12_1_YPD,13.37453493
6738,5,21,,,,ERS041770,Ura3_24,,Saccharomyces cerevisiae,WAxNA,haploid,F12,1,YPD,,0,21,WAxNA_F12_1_YPD_T0_C21,WAxNA_F12_1_YPD,21.06932662
6738,5,22,,,,ERS041771,Ura3_25,,Saccharomyces cerevisiae,WAxNA,haploid,F12,1,YPD,,0,22,WAxNA_F12_1_YPD_T0_C22,WAxNA_F12_1_YPD,14.63061895
6738,5,23,,,,ERS041772,Ura3_26,,Saccharomyces cerevisiae,WAxNA,haploid,F12,1,YPD,,0,23,WAxNA_F12_1_YPD_T0_C23,WAxNA_F12_1_YPD,14.48582928
6738,5,24,,,,ERS041773,Ura3_27,,Saccharomyces cerevisiae,WAxNA,haploid,F12,1,YPD,,0,24,WAxNA_F12_1_YPD_T0_C24,WAxNA_F12_1_YPD,25.98327444
6738,5,25,,,,ERS041774,Ura3_28,,Saccharomyces cerevisiae,WAxNA,haploid,F12,1,YPD,,0,25,WAxNA_F12_1_YPD_T0_C25,WAxNA_F12_1_YPD,13.35852543
6738,5,26,,,,ERS041775,Ura3_29,,Saccharomyces cerevisiae,WAxNA,haploid,F12,1,YPD,,0,26,WAxNA_F12_1_YPD_T0_C26,WAxNA_F12_1_YPD,13.19711544
6738,5,27,,,,ERS041776,Ura3_30,,Saccharomyces cerevisiae,WAxNA,haploid,F12,1,YPD,,0,27,WAxNA_F12_1_YPD_T0_C27,WAxNA_F12_1_YPD,16.52150358
6738,5,28,,,,ERS041777,Ura3_32,,Saccharomyces cerevisiae,WAxNA,haploid,F12,1,YPD,,0,28,WAxNA_F12_1_YPD_T0_C28,WAxNA_F12_1_YPD,13.01751639
6738,5,29,,,,ERS041778,Ura3_33,,Saccharomyces cerevisiae,WAxNA,haploid,F12,1,YPD,,0,29,WAxNA_F12_1_YPD_T0_C29,WAxNA_F12_1_YPD,11.84247021
6738,5,30,,,,ERS041779,Ura3_34,,Saccharomyces cerevisiae,WAxNA,haploid,F12,1,YPD,,0,30,WAxNA_F12_1_YPD_T0_C30,WAxNA_F12_1_YPD,11.52777198
6738,5,31,,,,ERS041780,Ura3_35,,Saccharomyces cerevisiae,WAxNA,haploid,F12,1,YPD,,0,31,WAxNA_F12_1_YPD_T0_C31,WAxNA_F12_1_YPD,11.91314503
6738,5,32,,,,ERS041781,Ura3_36,,Saccharomyces cerevisiae,WAxNA,haploid,F12,1,YPD,,0,32,WAxNA_F12_1_YPD_T0_C32,WAxNA_F12_1_YPD,13.27752138
6738,5,33,,,,ERS041782,Ura3_37,,Saccharomyces cerevisiae,WAxNA,haploid,F12,1,YPD,,0,33,WAxNA_F12_1_YPD_T0_C33,WAxNA_F12_1_YPD,11.39001246
6738,5,34,,,,ERS041783,Ura3_38,,Saccharomyces cerevisiae,WAxNA,haploid,F12,1,YPD,,0,34,WAxNA_F12_1_YPD_T0_C34,WAxNA_F12_1_YPD,12.20606807
6738,5,35,,,,ERS041784,Ura3_39,,Saccharomyces cerevisiae,WAxNA,haploid,F12,1,YPD,,0,35,WAxNA_F12_1_YPD_T0_C35,WAxNA_F12_1_YPD,29.13168457
6738,5,36,,,,ERS041785,Ura3_40,,Saccharomyces cerevisiae,WAxNA,haploid,F12,1,YPD,,0,36,WAxNA_F12_1_YPD_T0_C36,WAxNA_F12_1_YPD,24.21750417
6738,5,37,,,,ERS041786,Ura3_41,,Saccharomyces cerevisiae,WAxNA,diploid,F12,1,YPD,,0,37,WAxNA_F12_1_YPD_T0_C37,WAxNA_F12_1_YPD,13.86549088
6738,5,38,,,,ERS041787,Ura3_42,,Saccharomyces cerevisiae,WAxNA,haploid,F12,1,YPD,,0,38,WAxNA_F12_1_YPD_T0_C38,WAxNA_F12_1_YPD,15.61898393
6738,5,39,,,,ERS041788,Ura3_43,,Saccharomyces cerevisiae,WAxNA,haploid,F12,1,YPD,,0,39,WAxNA_F12_1_YPD_T0_C39,WAxNA_F12_1_YPD,9.408820453
6738,5,40,,,,ERS041789,Ura3_44,,Saccharomyces cerevisiae,WAxNA,haploid,F12,1,YPD,,0,40,WAxNA_F12_1_YPD_T0_C40,WAxNA_F12_1_YPD,13.55555904
6738,5,41,,,,ERS041790,Ura3_45,,Saccharomyces cerevisiae,WAxNA,haploid,F12,1,YPD,,0,41,WAxNA_F12_1_YPD_T0_C41,WAxNA_F12_1_YPD,14.08068057
6738,5,42,,,,ERS041791,Ura3_46,,Saccharomyces cerevisiae,WAxNA,haploid,F12,1,YPD,,0,42,WAxNA_F12_1_YPD_T0_C42,WAxNA_F12_1_YPD,15.19510395
6738,5,43,,,,ERS041792,Ura3_47,,Saccharomyces cerevisiae,WAxNA,diploid,F12,1,YPD,,0,43,WAxNA_F12_1_YPD_T0_C43,WAxNA_F12_1_YPD,16.66077515
6738,5,44,,,,ERS041793,Ura3_48,,Saccharomyces cerevisiae,WAxNA,diploid,F12,1,YPD,,0,44,WAxNA_F12_1_YPD_T0_C44,WAxNA_F12_1_YPD,11.82980813
6738,5,45,,,,ERS041794,Ura3_49,,Saccharomyces cerevisiae,WAxNA,haploid,F12,1,YPD,,0,45,WAxNA_F12_1_YPD_T0_C45,WAxNA_F12_1_YPD,9.517308938
6738,5,46,,,,ERS041795,Ura3_50,,Saccharomyces cerevisiae,WAxNA,haploid,F12,1,YPD,,0,46,WAxNA_F12_1_YPD_T0_C46,WAxNA_F12_1_YPD,22.12120048
6738,5,47,,,,ERS041796,Ura3_51,,Saccharomyces cerevisiae,WAxNA,haploid,F12,1,YPD,,0,47,WAxNA_F12_1_YPD_T0_C47,WAxNA_F12_1_YPD,22.86960065
6738,5,48,,,,ERS041797,Ura3_52,,Saccharomyces cerevisiae,WAxNA,haploid,F12,1,YPD,,0,48,WAxNA_F12_1_YPD_T0_C48,WAxNA_F12_1_YPD,24.0208638
6738,5,49,,,,ERS041798,Ura3_53,,Saccharomyces cerevisiae,WAxNA,diploid,F12,1,YPD,,0,49,WAxNA_F12_1_YPD_T0_C49,WAxNA_F12_1_YPD,22.45151291
6738,5,50,,,,ERS041799,Ura3_54,,Saccharomyces cerevisiae,WAxNA,haploid,F12,1,YPD,,0,50,WAxNA_F12_1_YPD_T0_C50,WAxNA_F12_1_YPD,20.06482748
6738,5,51,,,,ERS041800,Ura3_55,,Saccharomyces cerevisiae,WAxNA,haploid,F12,1,YPD,,0,51,WAxNA_F12_1_YPD_T0_C51,WAxNA_F12_1_YPD,14.15296558
6738,5,52,,,,ERS041801,Ura3_56,,Saccharomyces cerevisiae,WAxNA,haploid,F12,1,YPD,,0,52,WAxNA_F12_1_YPD_T0_C52,WAxNA_F12_1_YPD,15.10685637
6738,5,53,,,,ERS041802,Ura3_57,,Saccharomyces cerevisiae,WAxNA,haploid,F12,1,YPD,,0,53,WAxNA_F12_1_YPD_T0_C53,WAxNA_F12_1_YPD,14.86516855
6738,5,54,,,,ERS041803,Ura3_58,,Saccharomyces cerevisiae,WAxNA,diploid,F12,1,YPD,,0,54,WAxNA_F12_1_YPD_T0_C54,WAxNA_F12_1_YPD,15.08120227
6738,5,55,,,,ERS041804,Ura3_59,,Saccharomyces cerevisiae,WAxNA,haploid,F12,1,YPD,,0,55,WAxNA_F12_1_YPD_T0_C55,WAxNA_F12_1_YPD,13.61600552
6738,5,56,,,,ERS041805,Ura3_60,,Saccharomyces cerevisiae,WAxNA,haploid,F12,1,YPD,,0,56,WAxNA_F12_1_YPD_T0_C56,WAxNA_F12_1_YPD,12.22105499
6738,5,57,,,,ERS041806,Ura3_61,,Saccharomyces cerevisiae,WAxNA,haploid,F12,1,YPD,,0,57,WAxNA_F12_1_YPD_T0_C57,WAxNA_F12_1_YPD,14.66521332
6738,5,58,,,,ERS041807,Ura3_62,,Saccharomyces cerevisiae,WAxNA,haploid,F12,1,YPD,,0,58,WAxNA_F12_1_YPD_T0_C58,WAxNA_F12_1_YPD,15.50289322
6738,5,59,,,,ERS041808,Ura3_63,,Saccharomyces cerevisiae,WAxNA,diploid,F12,1,YPD,,0,59,WAxNA_F12_1_YPD_T0_C59,WAxNA_F12_1_YPD,18.64970825
6738,5,60,,,,ERS041809,Ura3_64,,Saccharomyces cerevisiae,WAxNA,haploid,F12,1,YPD,,0,60,WAxNA_F12_1_YPD_T0_C60,WAxNA_F12_1_YPD,36.60111191
6738,5,61,,,,ERS041810,Ura3_65,,Saccharomyces cerevisiae,WAxNA,haploid,F12,1,YPD,,0,61,WAxNA_F12_1_YPD_T0_C61,WAxNA_F12_1_YPD,18.50396276
6738,5,62,,,,ERS041811,Ura3_66,,Saccharomyces cerevisiae,WAxNA,haploid,F12,1,YPD,,0,62,WAxNA_F12_1_YPD_T0_C62,WAxNA_F12_1_YPD,12.96377208
6738,5,63,,,,ERS041812,Ura3_67,,Saccharomyces cerevisiae,WAxNA,diploid,F12,1,YPD,,0,63,WAxNA_F12_1_YPD_T0_C63,WAxNA_F12_1_YPD,11.69635965
6738,5,64,,,,ERS041813,Ura3_68,,Saccharomyces cerevisiae,WAxNA,haploid,F12,1,YPD,,0,64,WAxNA_F12_1_YPD_T0_C64,WAxNA_F12_1_YPD,12.36239107
6738,5,65,,,,ERS041814,Ura3_69,,Saccharomyces cerevisiae,WAxNA,haploid,F12,1,YPD,,0,65,WAxNA_F12_1_YPD_T0_C65,WAxNA_F12_1_YPD,14.2348328
6738,5,66,,,,ERS041815,Ura3_70,,Saccharomyces cerevisiae,WAxNA,haploid,F12,1,YPD,,0,66,WAxNA_F12_1_YPD_T0_C66,WAxNA_F12_1_YPD,12.79797638
6738,5,67,,,,ERS041816,Ura3_71,,Saccharomyces cerevisiae,WAxNA,haploid,F12,1,YPD,,0,67,WAxNA_F12_1_YPD_T0_C67,WAxNA_F12_1_YPD,12.09188728
6738,5,68,,,,ERS041817,Ura3_72,,Saccharomyces cerevisiae,WAxNA,haploid,F12,1,YPD,,0,68,WAxNA_F12_1_YPD_T0_C68,WAxNA_F12_1_YPD,15.47633611
6738,5,69,,,,ERS041818,Ura3_73,,Saccharomyces cerevisiae,WAxNA,haploid,F12,1,YPD,,0,69,WAxNA_F12_1_YPD_T0_C69,WAxNA_F12_1_YPD,9.475996122
6738,5,70,,,,ERS041819,Ura3_74,,Saccharomyces cerevisiae,WAxNA,haploid,F12,1,YPD,,0,70,WAxNA_F12_1_YPD_T0_C70,WAxNA_F12_1_YPD,20.1365868
6738,5,71,,,,ERS041820,Ura3_75,,Saccharomyces cerevisiae,WAxNA,haploid,F12,1,YPD,,0,71,WAxNA_F12_1_YPD_T0_C71,WAxNA_F12_1_YPD,13.86182865
6738,5,72,,,,ERS041821,Ura3_76,,Saccharomyces cerevisiae,WAxNA,diploid,F12,1,YPD,,0,72,WAxNA_F12_1_YPD_T0_C72,WAxNA_F12_1_YPD,20.18088449
6738,5,73,,,,ERS041822,Ura3_77,,Saccharomyces cerevisiae,WAxNA,haploid,F12,1,YPD,,0,73,WAxNA_F12_1_YPD_T0_C73,WAxNA_F12_1_YPD,15.3631812
6738,5,74,,,,ERS041823,Ura3_78,,Saccharomyces cerevisiae,WAxNA,haploid,F12,1,YPD,,0,74,WAxNA_F12_1_YPD_T0_C74,WAxNA_F12_1_YPD,23.79040417
6738,5,75,,,,ERS041824,Ura3_79,,Saccharomyces cerevisiae,WAxNA,haploid,F12,1,YPD,,0,75,WAxNA_F12_1_YPD_T0_C75,WAxNA_F12_1_YPD,20.57146343
6738,5,76,,,,ERS041825,Ura3_80,,Saccharomyces cerevisiae,WAxNA,haploid,F12,1,YPD,,0,76,WAxNA_F12_1_YPD_T0_C76,WAxNA_F12_1_YPD,11.80952629
6738,5,77,,,,ERS041826,Ura3_81,,Saccharomyces cerevisiae,WAxNA,haploid,F12,1,YPD,,0,77,WAxNA_F12_1_YPD_T0_C77,WAxNA_F12_1_YPD,17.98235909
6738,5,78,,,,ERS041827,Ura3_82,,Saccharomyces cerevisiae,WAxNA,haploid,F12,1,YPD,,0,78,WAxNA_F12_1_YPD_T0_C78,WAxNA_F12_1_YPD,11.18625215
6738,5,79,,,,ERS041828,Ura3_83,,Saccharomyces cerevisiae,WAxNA,haploid,F12,1,YPD,,0,79,WAxNA_F12_1_YPD_T0_C79,WAxNA_F12_1_YPD,11.40397798
6738,5,80,,,,ERS041829,Ura3_84,,Saccharomyces cerevisiae,WAxNA,haploid,F12,1,YPD,,0,80,WAxNA_F12_1_YPD_T0_C80,WAxNA_F12_1_YPD,12.14040037
6738,5,81,,,,ERS041830,Ura3_85,,Saccharomyces cerevisiae,WAxNA,haploid,F12,1,YPD,,0,81,WAxNA_F12_1_YPD_T0_C81,WAxNA_F12_1_YPD,16.30821816
6738,5,82,,,,ERS041831,Ura3_86,,Saccharomyces cerevisiae,WAxNA,haploid,F12,1,YPD,,0,82,WAxNA_F12_1_YPD_T0_C82,WAxNA_F12_1_YPD,12.99910271
6738,5,83,,,,ERS041832,Ura3_87,,Saccharomyces cerevisiae,WAxNA,diploid,F12,1,YPD,,0,83,WAxNA_F12_1_YPD_T0_C83,WAxNA_F12_1_YPD,18.3617306
6738,5,84,,,,ERS041833,Ura3_120,,Saccharomyces cerevisiae,WAxNA,haploid,F12,1,YPD,,0,84,WAxNA_F12_1_YPD_T0_C84,WAxNA_F12_1_YPD,21.30295343
6738,5,85,,,,ERS041834,Ura3_121,,Saccharomyces cerevisiae,WAxNA,haploid,F12,1,YPD,,0,85,WAxNA_F12_1_YPD_T0_C85,WAxNA_F12_1_YPD,16.04285329
6738,5,86,,,,ERS041835,Ura3_122,,Saccharomyces cerevisiae,WAxNA,haploid,F12,1,YPD,,0,86,WAxNA_F12_1_YPD_T0_C86,WAxNA_F12_1_YPD,34.49968175
6738,5,87,,,,ERS041836,Ura3_123,,Saccharomyces cerevisiae,WAxNA,haploid,F12,1,YPD,,0,87,WAxNA_F12_1_YPD_T0_C87,WAxNA_F12_1_YPD,18.4191949
6738,5,88,,,,ERS041837,Ura3_124,,Saccharomyces cerevisiae,WAxNA,haploid,F12,1,YPD,,0,88,WAxNA_F12_1_YPD_T0_C88,WAxNA_F12_1_YPD,20.21304466
6738,5,89,,,,ERS041838,Ura3_126,,Saccharomyces cerevisiae,WAxNA,haploid,F12,1,YPD,,0,89,WAxNA_F12_1_YPD_T0_C89,WAxNA_F12_1_YPD,20.43832263
6738,5,90,,,,ERS041839,Ura3_127,,Saccharomyces cerevisiae,WAxNA,haploid,F12,1,YPD,,0,90,WAxNA_F12_1_YPD_T0_C90,WAxNA_F12_1_YPD,26.88685835
6738,5,91,,,,ERS041840,Ura3_128,,Saccharomyces cerevisiae,WAxNA,haploid,F12,1,YPD,,0,91,WAxNA_F12_1_YPD_T0_C91,WAxNA_F12_1_YPD,16.79943406
6738,5,92,,,,ERS041841,Ura3_129,,Saccharomyces cerevisiae,WAxNA,haploid,F12,1,YPD,,0,92,WAxNA_F12_1_YPD_T0_C92,WAxNA_F12_1_YPD,17.62664679
6738,5,93,,,,ERS041842,Ura3_130,,Saccharomyces cerevisiae,WAxNA,haploid,F12,1,YPD,,0,93,WAxNA_F12_1_YPD_T0_C93,WAxNA_F12_1_YPD,23.74596233
6738,5,94,,,,ERS041843,Ura3_131,,Saccharomyces cerevisiae,WAxNA,haploid,F12,1,YPD,,0,94,WAxNA_F12_1_YPD_T0_C94,WAxNA_F12_1_YPD,35.43544414
6738,5,95,,,,ERS041844,Ura3_132,,Saccharomyces cerevisiae,WAxNA,haploid,F12,1,YPD,,0,95,WAxNA_F12_1_YPD_T0_C95,WAxNA_F12_1_YPD,15.34940199
6738,5,96,,,,ERS041845,Ura3_133,,Saccharomyces cerevisiae,WAxNA,haploid,F12,1,YPD,,0,96,WAxNA_F12_1_YPD_T0_C96,WAxNA_F12_1_YPD,27.0781024
8616,5,12,8939,1,12,ERS169301,R2_HU_T2,,Saccharomyces cerevisiae,WAxNA,diploid,F12,2,HU,1,2,,WAxNA_F12_2_HU_1_T2,WAxNA_F12_2_HU_1,100.8297646
8616,5,24,8939,1,24,ERS169314,R2_HU_T4,,Saccharomyces cerevisiae,WAxNA,diploid,F12,2,HU,1,4,,WAxNA_F12_2_HU_1_T4,WAxNA_F12_2_HU_1,101.0729857
8616,5,34,8939,1,34,ERS169324,R2_HU_T8,,Saccharomyces cerevisiae,WAxNA,diploid,F12,2,HU,1,8,,WAxNA_F12_2_HU_1_T8,WAxNA_F12_2_HU_1,80.07201468
8616,5,46,8939,1,46,ERS169336,R2_HU_T16,,Saccharomyces cerevisiae,WAxNA,diploid,F12,2,HU,1,16,,WAxNA_F12_2_HU_1_T16,WAxNA_F12_2_HU_1,82.26547629
11823,1,52,,,,ERS364091,2787STDY5607154,YGL1333,Saccharomyces cerevisiae,WAxNA,diploid,F12,2,HU,1,32,1,WAxNA_F12_2_HU_1_T32_C1,WAxNA_F12_2_HU_1,32.32427458
11823,1,53,,,,ERS364092,2787STDY5607155,YGL1336,Saccharomyces cerevisiae,WAxNA,diploid,F12,2,HU,1,32,2,WAxNA_F12_2_HU_1_T32_C2,WAxNA_F12_2_HU_1,28.41577477
8616,5,58,8939,1,58,ERS169348,R2_HU_T32,,Saccharomyces cerevisiae,WAxNA,diploid,F12,2,HU,1,32,,WAxNA_F12_2_HU_1_T32,WAxNA_F12_2_HU_1,92.20754234
11823,1,28,14893,4,19,ERS364054,2787STDY5607117,,Saccharomyces cerevisiae,WAxNA,diploid,F12,2,HU,2,2,,WAxNA_F12_2_HU_2_T2,WAxNA_F12_2_HU_2,105.3132741
11823,1,32,14893,4,23,ERS364058,2787STDY5607121,,Saccharomyces cerevisiae,WAxNA,diploid,F12,2,HU,2,4,,WAxNA_F12_2_HU_2_T4,WAxNA_F12_2_HU_2,105.6606128
11823,1,36,14893,4,27,ERS364062,2787STDY5607125,,Saccharomyces cerevisiae,WAxNA,diploid,F12,2,HU,2,8,,WAxNA_F12_2_HU_2_T8,WAxNA_F12_2_HU_2,97.21614867
11822,2,77,,,,ERS364066,2787STDY5607129,,Saccharomyces cerevisiae,WAxNA,diploid,F12,2,HU,2,16,,WAxNA_F12_2_HU_2_T16,WAxNA_F12_2_HU_2,81.95757067
11823,1,71,,,,ERS364257,2787STDY5623207,YGL1435,Saccharomyces cerevisiae,WAxNA,diploid,F12,2,HU,2,32,1,WAxNA_F12_2_HU_2_T32_C1,WAxNA_F12_2_HU_2,28.47155515
11823,1,72,,,,ERS364258,2787STDY5623208,YGL1436,Saccharomyces cerevisiae,WAxNA,diploid,F12,2,HU,2,32,2,WAxNA_F12_2_HU_2_T32_C2,WAxNA_F12_2_HU_2,26.06093639
11823,1,73,,,,ERS364259,2787STDY5623209,YGL1437,Saccharomyces cerevisiae,WAxNA,diploid,F12,2,HU,2,32,3,WAxNA_F12_2_HU_2_T32_C3,WAxNA_F12_2_HU_2,33.56417371
11823,1,74,,,,ERS364260,2787STDY5623210,YGL1438,Saccharomyces cerevisiae,WAxNA,diploid,F12,2,HU,2,32,4,WAxNA_F12_2_HU_2_T32_C4,WAxNA_F12_2_HU_2,33.57553601
11822,2,80,,,,ERS364070,2787STDY5607133,,Saccharomyces cerevisiae,WAxNA,diploid,F12,2,HU,2,32,,WAxNA_F12_2_HU_2_T32,WAxNA_F12_2_HU_2,88.45828615
11822,2,57,,,,ERS364014,2787STDY5607077,,Saccharomyces cerevisiae,WAxNA,diploid,F12,2,HU,3,2,,WAxNA_F12_2_HU_3_T2,WAxNA_F12_2_HU_3,88.81117326
11822,2,58,,,,ERS364022,2787STDY5607085,,Saccharomyces cerevisiae,WAxNA,diploid,F12,2,HU,3,4,,WAxNA_F12_2_HU_3_T4,WAxNA_F12_2_HU_3,80.46228847
11822,2,59,,,,ERS364030,2787STDY5607093,,Saccharomyces cerevisiae,WAxNA,diploid,F12,2,HU,3,8,,WAxNA_F12_2_HU_3_T8,WAxNA_F12_2_HU_3,83.94965036
11823,1,91,14893,4,35,ERS369976,2787STDY5644703,,Saccharomyces cerevisiae,WAxNA,diploid,F12,2,HU,3,16,,WAxNA_F12_2_HU_3_T16,WAxNA_F12_2_HU_3,104.5569933
11823,1,85,,,,ERS364271,2787STDY5623221,YGL1449,Saccharomyces cerevisiae,WAxNA,diploid,F12,2,HU,3,32,1,WAxNA_F12_2_HU_3_T32_C1,WAxNA_F12_2_HU_3,32.96417413
11823,1,86,,,,ERS364273,2787STDY5623223,YGL1451,Saccharomyces cerevisiae,WAxNA,diploid,F12,2,HU,3,32,2,WAxNA_F12_2_HU_3_T32_C2,WAxNA_F12_2_HU_3,32.95967353
11823,1,87,,,,ERS364274,2787STDY5623224,YGL1452,Saccharomyces cerevisiae,WAxNA,diploid,F12,2,HU,3,32,3,WAxNA_F12_2_HU_3_T32_C3,WAxNA_F12_2_HU_3,28.77325645
11823,1,88,,,,ERS364275,2787STDY5623225,YGL1453,Saccharomyces cerevisiae,WAxNA,diploid,F12,2,HU,3,32,4,WAxNA_F12_2_HU_3_T32_C4,WAxNA_F12_2_HU_3,27.51573073
11823,1,89,,,,ERS364276,2787STDY5623226,YGL1454,Saccharomyces cerevisiae,WAxNA,diploid,F12,2,HU,3,32,5,WAxNA_F12_2_HU_3_T32_C5,WAxNA_F12_2_HU_3,32.60583255
11823,1,95,,,,ERS369980,2787STDY5644707,YGL1450,Saccharomyces cerevisiae,WAxNA,diploid,F12,2,HU,3,32,6,WAxNA_F12_2_HU_3_T32_C6,WAxNA_F12_2_HU_3,30.27708734
11822,2,71,,,,ERS364046,2787STDY5607109,,Saccharomyces cerevisiae,WAxNA,diploid,F12,2,HU,3,32,,WAxNA_F12_2_HU_3_T32,WAxNA_F12_2_HU_3,82.31518058
8616,5,11,8939,1,11,ERS169300,R2_RA_T2,,Saccharomyces cerevisiae,WAxNA,diploid,F12,2,RM,1,2,,WAxNA_F12_2_RM_1_T2,WAxNA_F12_2_RM_1,114.0616676
8616,5,23,8939,1,23,ERS169313,R2_RA_T4,,Saccharomyces cerevisiae,WAxNA,diploid,F12,2,RM,1,4,,WAxNA_F12_2_RM_1_T4,WAxNA_F12_2_RM_1,109.9157568
8616,5,33,8939,1,33,ERS169323,R2_RA_T8,,Saccharomyces cerevisiae,WAxNA,diploid,F12,2,RM,1,8,,WAxNA_F12_2_RM_1_T8,WAxNA_F12_2_RM_1,98.31461992
8616,5,45,8939,1,45,ERS169335,R2_RA_T16,,Saccharomyces cerevisiae,WAxNA,diploid,F12,2,RM,1,16,,WAxNA_F12_2_RM_1_T16,WAxNA_F12_2_RM_1,83.66453378
11823,1,49,,,,ERS364088,2787STDY5607151,YGL1318,Saccharomyces cerevisiae,WAxNA,haploid,F12,2,RM,1,32,1,WAxNA_F12_2_RM_1_T32_C1,WAxNA_F12_2_RM_1,30.8576195
11823,1,50,,,,ERS364089,2787STDY5607152,YGL1321,Saccharomyces cerevisiae,WAxNA,diploid,F12,2,RM,1,32,2,WAxNA_F12_2_RM_1_T32_C2,WAxNA_F12_2_RM_1,29.97921464
11823,1,51,,,,ERS364090,2787STDY5607153,YGL1324,Saccharomyces cerevisiae,WAxNA,diploid,F12,2,RM,1,32,3,WAxNA_F12_2_RM_1_T32_C3,WAxNA_F12_2_RM_1,29.07910283
8616,5,57,8939,1,57,ERS169347,R2_RA_T32,,Saccharomyces cerevisiae,WAxNA,diploid,F12,2,RM,1,32,,WAxNA_F12_2_RM_1_T32,WAxNA_F12_2_RM_1,90.50022353
11823,1,26,14893,4,17,ERS364052,2787STDY5607115,,Saccharomyces cerevisiae,WAxNA,diploid,F12,2,RM,2,2,,WAxNA_F12_2_RM_2_T2,WAxNA_F12_2_RM_2,111.7485249
11823,1,30,14893,4,21,ERS364056,2787STDY5607119,,Saccharomyces cerevisiae,WAxNA,diploid,F12,2,RM,2,4,,WAxNA_F12_2_RM_2_T4,WAxNA_F12_2_RM_2,109.4351571
11823,1,34,14893,4,25,ERS364060,2787STDY5607123,,Saccharomyces cerevisiae,WAxNA,diploid,F12,2,RM,2,8,,WAxNA_F12_2_RM_2_T8,WAxNA_F12_2_RM_2,105.7546029
11822,2,75,,,,ERS364064,2787STDY5607127,,Saccharomyces cerevisiae,WAxNA,diploid,F12,2,RM,2,16,,WAxNA_F12_2_RM_2_T16,WAxNA_F12_2_RM_2,94.54397372
11823,1,60,,,,ERS364100,2787STDY5607163,YGL1423,Saccharomyces cerevisiae,WAxNA,diploid,F12,2,RM,2,32,1,WAxNA_F12_2_RM_2_T32_C1,WAxNA_F12_2_RM_2,30.46564426
11823,1,61,,,,ERS364101,2787STDY5607164,YGL1424,Saccharomyces cerevisiae,WAxNA,diploid,F12,2,RM,2,32,2,WAxNA_F12_2_RM_2_T32_C2,WAxNA_F12_2_RM_2,30.48401559
11823,1,66,,,,ERS364251,2787STDY5623201,YGL1429,Saccharomyces cerevisiae,WAxNA,diploid,F12,2,RM,2,32,3,WAxNA_F12_2_RM_2_T32_C3,WAxNA_F12_2_RM_2,31.11516427
11823,1,67,,,,ERS364252,2787STDY5623202,YGL1430,Saccharomyces cerevisiae,WAxNA,diploid,F12,2,RM,2,32,4,WAxNA_F12_2_RM_2_T32_C4,WAxNA_F12_2_RM_2,32.75085541
11823,1,68,,,,ERS364254,2787STDY5623204,YGL1432,Saccharomyces cerevisiae,WAxNA,diploid,F12,2,RM,2,32,5,WAxNA_F12_2_RM_2_T32_C5,WAxNA_F12_2_RM_2,30.73789225
11823,1,94,,,,ERS369979,2787STDY5644706,YGL1431,Saccharomyces cerevisiae,WAxNA,diploid,F12,2,RM,2,32,6,WAxNA_F12_2_RM_2_T32_C6,WAxNA_F12_2_RM_2,31.43407055
11822,2,79,,,,ERS364068,2787STDY5607131,,Saccharomyces cerevisiae,WAxNA,diploid,F12,2,RM,2,32,,WAxNA_F12_2_RM_2_T32,WAxNA_F12_2_RM_2,96.05778878
11823,1,4,14893,4,3,ERS364011,2787STDY5607074,,Saccharomyces cerevisiae,WAxNA,diploid,F12,2,RM,3,2,,WAxNA_F12_2_RM_3_T2,WAxNA_F12_2_RM_3,150.0955855
11823,1,11,14893,4,8,ERS364019,2787STDY5607082,,Saccharomyces cerevisiae,WAxNA,diploid,F12,2,RM,3,4,,WAxNA_F12_2_RM_3_T4,WAxNA_F12_2_RM_3,127.7931963
11823,1,18,14893,4,13,ERS364027,2787STDY5607090,,Saccharomyces cerevisiae,WAxNA,diploid,F12,2,RM,3,8,,WAxNA_F12_2_RM_3_T8,WAxNA_F12_2_RM_3,116.4096626
11822,2,62,,,,ERS364035,2787STDY5607098,,Saccharomyces cerevisiae,WAxNA,diploid,F12,2,RM,3,16,,WAxNA_F12_2_RM_3_T16,WAxNA_F12_2_RM_3,98.09275999
11823,1,78,,,,ERS364264,2787STDY5623214,YGL1442,Saccharomyces cerevisiae,WAxNA,diploid,F12,2,RM,3,32,1,WAxNA_F12_2_RM_3_T32_C1,WAxNA_F12_2_RM_3,26.11740777
11822,2,68,,,,ERS364043,2787STDY5607106,,Saccharomyces cerevisiae,WAxNA,diploid,F12,2,RM,3,32,,WAxNA_F12_2_RM_3_T32,WAxNA_F12_2_RM_3,92.88365596
11823,1,5,14893,4,4,ERS364012,2787STDY5607075,,Saccharomyces cerevisiae,WAxNA,diploid,F12,2,RM,4,2,,WAxNA_F12_2_RM_4_T2,WAxNA_F12_2_RM_4,142.9485516
11823,1,12,14893,4,9,ERS364020,2787STDY5607083,,Saccharomyces cerevisiae,WAxNA,diploid,F12,2,RM,4,4,,WAxNA_F12_2_RM_4_T4,WAxNA_F12_2_RM_4,102.2444765
11823,1,19,14893,4,14,ERS364028,2787STDY5607091,,Saccharomyces cerevisiae,WAxNA,diploid,F12,2,RM,4,8,,WAxNA_F12_2_RM_4_T8,WAxNA_F12_2_RM_4,112.011737
11822,2,63,,,,ERS364036,2787STDY5607099,,Saccharomyces cerevisiae,WAxNA,diploid,F12,2,RM,4,16,,WAxNA_F12_2_RM_4_T16,WAxNA_F12_2_RM_4,91.67106984
11822,2,69,,,,ERS364044,2787STDY5607107,,Saccharomyces cerevisiae,WAxNA,diploid,F12,2,RM,4,32,,WAxNA_F12_2_RM_4_T32,WAxNA_F12_2_RM_4,90.1808979
8616,5,2,8939,1,2,ERS169286,R2_MO_T0,,Saccharomyces cerevisiae,WAxNA,diploid,F12,2,YPD,1,0,,WAxNA_F12_2_YPD_1_T0,WAxNA_F12_2_YPD_1,114.9646197
8616,5,9,8939,1,9,ERS169298,R2_MO_T2,,Saccharomyces cerevisiae,WAxNA,diploid,F12,2,YPD,1,2,,WAxNA_F12_2_YPD_1_T2,WAxNA_F12_2_YPD_1,100.2177713
8616,5,21,8939,1,21,ERS169310,R2_MO_T4,,Saccharomyces cerevisiae,WAxNA,diploid,F12,2,YPD,1,4,,WAxNA_F12_2_YPD_1_T4,WAxNA_F12_2_YPD_1,116.2258808
8616,5,43,8939,1,43,ERS169333,R2_MO_T16,,Saccharomyces cerevisiae,WAxNA,diploid,F12,2,YPD,1,16,,WAxNA_F12_2_YPD_1_T16,WAxNA_F12_2_YPD_1,99.30233106
8616,5,55,8939,1,55,ERS169345,R2_MO_T32,,Saccharomyces cerevisiae,WAxNA,diploid,F12,2,YPD,1,32,,WAxNA_F12_2_YPD_1_T32,WAxNA_F12_2_YPD_1,93.92671402
11822,2,56,,,,ERS364008,2787STDY5607071,,Saccharomyces cerevisiae,WAxNA,diploid,F12,2,YPD,2,0,,WAxNA_F12_2_YPD_2_T0,WAxNA_F12_2_YPD_2,102.8480537
11823,1,24,,,,ERS364050,2787STDY5607113,,Saccharomyces cerevisiae,WAxNA,diploid,F12,2,YPD,2,32,,WAxNA_F12_2_YPD_2_T32,WAxNA_F12_2_YPD_2,29.00802251
16356,7,78,16549,6,78,ERS662107,2787STDY6029417,,Saccharomyces cerevisiae,WAxNA,diploid,F12,2,YPD,3,0,,WAxNA_F12_2_YPD_3_T0,WAxNA_F12_2_YPD_3,61.09432479
16356,7,34,16549,6,34,ERS662063,2787STDY6029372,,Saccharomyces cerevisiae,WAxNA,diploid,F12,2,YPD,3,2,,WAxNA_F12_2_YPD_3_T2,WAxNA_F12_2_YPD_3,79.18682116
16356,7,44,16549,6,44,ERS662073,2787STDY6029383,,Saccharomyces cerevisiae,WAxNA,diploid,F12,2,YPD,3,4,,WAxNA_F12_2_YPD_3_T4,WAxNA_F12_2_YPD_3,74.76084234
16356,7,54,16549,6,54,ERS662083,2787STDY6029393,,Saccharomyces cerevisiae,WAxNA,diploid,F12,2,YPD,3,8,,WAxNA_F12_2_YPD_3_T8,WAxNA_F12_2_YPD_3,82.05685162
16356,7,64,16549,6,64,ERS662093,2787STDY6029403,,Saccharomyces cerevisiae,WAxNA,diploid,F12,2,YPD,3,16,,WAxNA_F12_2_YPD_3_T16,WAxNA_F12_2_YPD_3,87.93025706
16356,7,74,16549,6,74,ERS662103,2787STDY6029413,,Saccharomyces cerevisiae,WAxNA,diploid,F12,2,YPD,3,32,,WAxNA_F12_2_YPD_3_T32,WAxNA_F12_2_YPD_3,68.15804547
6738,6,1,,,,ERS041846,Lys_201,,Saccharomyces cerevisiae,WAxNA,haploid,F12,2,YPD,,0,1,WAxNA_F12_2_YPD_T0_C1,WAxNA_F12_2_YPD,30.40139706
6738,6,2,,,,ERS041847,Lys_202,,Saccharomyces cerevisiae,WAxNA,diploid,F12,2,YPD,,0,2,WAxNA_F12_2_YPD_T0_C2,WAxNA_F12_2_YPD,28.00427182
6738,6,3,,,,ERS041848,Lys_203,,Saccharomyces cerevisiae,WAxNA,haploid,F12,2,YPD,,0,3,WAxNA_F12_2_YPD_T0_C3,WAxNA_F12_2_YPD,30.05451318
6738,6,4,,,,ERS041849,Lys_204,,Saccharomyces cerevisiae,WAxNA,haploid,F12,2,YPD,,0,4,WAxNA_F12_2_YPD_T0_C4,WAxNA_F12_2_YPD,29.8799421
6738,6,5,,,,ERS041850,Lys_205,,Saccharomyces cerevisiae,WAxNA,haploid,F12,2,YPD,,0,5,WAxNA_F12_2_YPD_T0_C5,WAxNA_F12_2_YPD,29.82863409
6738,6,6,,,,ERS041851,Lys_206,,Saccharomyces cerevisiae,WAxNA,diploid,F12,2,YPD,,0,6,WAxNA_F12_2_YPD_T0_C6,WAxNA_F12_2_YPD,27.16625362
6738,6,7,,,,ERS041852,Lys_207,,Saccharomyces cerevisiae,WAxNA,haploid,F12,2,YPD,,0,7,WAxNA_F12_2_YPD_T0_C7,WAxNA_F12_2_YPD,31.99710039
6738,6,8,,,,ERS041853,Lys_208,,Saccharomyces cerevisiae,WAxNA,haploid,F12,2,YPD,,0,8,WAxNA_F12_2_YPD_T0_C8,WAxNA_F12_2_YPD,35.97414903
6738,6,9,,,,ERS041854,Lys_209,,Saccharomyces cerevisiae,WAxNA,haploid,F12,2,YPD,,0,9,WAxNA_F12_2_YPD_T0_C9,WAxNA_F12_2_YPD,29.46606961
6738,6,10,,,,ERS041855,Lys_210,,Saccharomyces cerevisiae,WAxNA,haploid,F12,2,YPD,,0,10,WAxNA_F12_2_YPD_T0_C10,WAxNA_F12_2_YPD,24.91788242
6738,6,11,,,,ERS041856,Lys_211,,Saccharomyces cerevisiae,WAxNA,haploid,F12,2,YPD,,0,11,WAxNA_F12_2_YPD_T0_C11,WAxNA_F12_2_YPD,30.20543598
6738,6,12,,,,ERS041857,Lys_212,,Saccharomyces cerevisiae,WAxNA,haploid,F12,2,YPD,,0,12,WAxNA_F12_2_YPD_T0_C12,WAxNA_F12_2_YPD,31.19497067
6738,6,13,,,,ERS041858,Lys_213,,Saccharomyces cerevisiae,WAxNA,haploid,F12,2,YPD,,0,13,WAxNA_F12_2_YPD_T0_C13,WAxNA_F12_2_YPD,30.29357589
6738,6,14,,,,ERS041859,Lys_214,,Saccharomyces cerevisiae,WAxNA,haploid,F12,2,YPD,,0,14,WAxNA_F12_2_YPD_T0_C14,WAxNA_F12_2_YPD,23.86677885
6738,6,15,,,,ERS041860,Lys_215,,Saccharomyces cerevisiae,WAxNA,haploid,F12,2,YPD,,0,15,WAxNA_F12_2_YPD_T0_C15,WAxNA_F12_2_YPD,25.83223575
6738,6,16,,,,ERS041861,Lys_216,,Saccharomyces cerevisiae,WAxNA,haploid,F12,2,YPD,,0,16,WAxNA_F12_2_YPD_T0_C16,WAxNA_F12_2_YPD,30.90206902
6738,6,17,,,,ERS041862,Lys_217,,Saccharomyces cerevisiae,WAxNA,haploid,F12,2,YPD,,0,17,WAxNA_F12_2_YPD_T0_C17,WAxNA_F12_2_YPD,26.32119647
6738,6,18,,,,ERS041863,Lys_218,,Saccharomyces cerevisiae,WAxNA,haploid,F12,2,YPD,,0,18,WAxNA_F12_2_YPD_T0_C18,WAxNA_F12_2_YPD,24.55781156
6738,6,19,,,,ERS041864,Lys_219,,Saccharomyces cerevisiae,WAxNA,haploid,F12,2,YPD,,0,19,WAxNA_F12_2_YPD_T0_C19,WAxNA_F12_2_YPD,27.42217095
6738,6,20,,,,ERS041865,Lys_220,,Saccharomyces cerevisiae,WAxNA,haploid,F12,2,YPD,,0,20,WAxNA_F12_2_YPD_T0_C20,WAxNA_F12_2_YPD,25.07029288
6738,6,21,,,,ERS041866,Lys_221,,Saccharomyces cerevisiae,WAxNA,haploid,F12,2,YPD,,0,21,WAxNA_F12_2_YPD_T0_C21,WAxNA_F12_2_YPD,29.0211282
6738,6,22,,,,ERS041867,Lys_222,,Saccharomyces cerevisiae,WAxNA,diploid,F12,2,YPD,,0,22,WAxNA_F12_2_YPD_T0_C22,WAxNA_F12_2_YPD,27.37732975
6738,6,23,,,,ERS041868,Lys_223,,Saccharomyces cerevisiae,WAxNA,diploid,F12,2,YPD,,0,23,WAxNA_F12_2_YPD_T0_C23,WAxNA_F12_2_YPD,30.15422105
6738,6,24,,,,ERS041869,Lys_224,,Saccharomyces cerevisiae,WAxNA,haploid,F12,2,YPD,,0,24,WAxNA_F12_2_YPD_T0_C24,WAxNA_F12_2_YPD,30.11713049
6738,6,25,,,,ERS041870,Lys_227,,Saccharomyces cerevisiae,WAxNA,haploid,F12,2,YPD,,0,25,WAxNA_F12_2_YPD_T0_C25,WAxNA_F12_2_YPD,25.22000692
6738,6,26,,,,ERS041871,Lys_228,,Saccharomyces cerevisiae,WAxNA,haploid,F12,2,YPD,,0,26,WAxNA_F12_2_YPD_T0_C26,WAxNA_F12_2_YPD,24.59322331
6738,6,27,,,,ERS041872,Lys_229,,Saccharomyces cerevisiae,WAxNA,haploid,F12,2,YPD,,0,27,WAxNA_F12_2_YPD_T0_C27,WAxNA_F12_2_YPD,27.35284624
6738,6,28,,,,ERS041873,Lys_230,,Saccharomyces cerevisiae,WAxNA,haploid,F12,2,YPD,,0,28,WAxNA_F12_2_YPD_T0_C28,WAxNA_F12_2_YPD,25.14607423
6738,6,29,,,,ERS041874,Lys_231,,Saccharomyces cerevisiae,WAxNA,haploid,F12,2,YPD,,0,29,WAxNA_F12_2_YPD_T0_C29,WAxNA_F12_2_YPD,24.84450437
6738,6,30,,,,ERS041875,Lys_232,,Saccharomyces cerevisiae,WAxNA,haploid,F12,2,YPD,,0,30,WAxNA_F12_2_YPD_T0_C30,WAxNA_F12_2_YPD,18.47281387
6738,6,31,,,,ERS041876,Lys_233,,Saccharomyces cerevisiae,WAxNA,haploid,F12,2,YPD,,0,31,WAxNA_F12_2_YPD_T0_C31,WAxNA_F12_2_YPD,24.55177658
6738,6,32,,,,ERS041877,Lys_234,,Saccharomyces cerevisiae,WAxNA,diploid,F12,2,YPD,,0,32,WAxNA_F12_2_YPD_T0_C32,WAxNA_F12_2_YPD,23.58344625
6738,6,33,,,,ERS041878,Lys_235,,Saccharomyces cerevisiae,WAxNA,haploid,F12,2,YPD,,0,33,WAxNA_F12_2_YPD_T0_C33,WAxNA_F12_2_YPD,23.99891927
6738,6,34,,,,ERS041879,Lys_236,,Saccharomyces cerevisiae,WAxNA,haploid,F12,2,YPD,,0,34,WAxNA_F12_2_YPD_T0_C34,WAxNA_F12_2_YPD,21.03774308
6738,6,35,,,,ERS041880,Lys_237,,Saccharomyces cerevisiae,WAxNA,haploid,F12,2,YPD,,0,35,WAxNA_F12_2_YPD_T0_C35,WAxNA_F12_2_YPD,24.77186472
6738,6,36,,,,ERS041881,Lys_238,,Saccharomyces cerevisiae,WAxNA,haploid,F12,2,YPD,,0,36,WAxNA_F12_2_YPD_T0_C36,WAxNA_F12_2_YPD,24.8177551
6738,6,37,,,,ERS041882,Lys_239,,Saccharomyces cerevisiae,WAxNA,haploid,F12,2,YPD,,0,37,WAxNA_F12_2_YPD_T0_C37,WAxNA_F12_2_YPD,28.50435776
6738,6,38,,,,ERS041883,Lys_241,,Saccharomyces cerevisiae,WAxNA,haploid,F12,2,YPD,,0,38,WAxNA_F12_2_YPD_T0_C38,WAxNA_F12_2_YPD,29.35585053
6738,6,39,,,,ERS041884,Lys_243,,Saccharomyces cerevisiae,WAxNA,haploid,F12,2,YPD,,0,39,WAxNA_F12_2_YPD_T0_C39,WAxNA_F12_2_YPD,20.04912254
6738,6,40,,,,ERS041885,Lys_244,,Saccharomyces cerevisiae,WAxNA,haploid,F12,2,YPD,,0,40,WAxNA_F12_2_YPD_T0_C40,WAxNA_F12_2_YPD,23.28109786
6738,6,41,,,,ERS041886,Lys_245,,Saccharomyces cerevisiae,WAxNA,haploid,F12,2,YPD,,0,41,WAxNA_F12_2_YPD_T0_C41,WAxNA_F12_2_YPD,26.98894527
6738,6,42,,,,ERS041887,Lys_246,,Saccharomyces cerevisiae,WAxNA,haploid,F12,2,YPD,,0,42,WAxNA_F12_2_YPD_T0_C42,WAxNA_F12_2_YPD,23.87119487
6738,6,43,,,,ERS041888,Lys_247,,Saccharomyces cerevisiae,WAxNA,haploid,F12,2,YPD,,0,43,WAxNA_F12_2_YPD_T0_C43,WAxNA_F12_2_YPD,28.96789576
6738,6,44,,,,ERS041889,Lys_248,,Saccharomyces cerevisiae,WAxNA,haploid,F12,2,YPD,,0,44,WAxNA_F12_2_YPD_T0_C44,WAxNA_F12_2_YPD,22.06011682
6738,6,45,,,,ERS041890,Lys_249,,Saccharomyces cerevisiae,WAxNA,haploid,F12,2,YPD,,0,45,WAxNA_F12_2_YPD_T0_C45,WAxNA_F12_2_YPD,24.75772294
6738,6,46,,,,ERS041891,Lys_250,,Saccharomyces cerevisiae,WAxNA,haploid,F12,2,YPD,,0,46,WAxNA_F12_2_YPD_T0_C46,WAxNA_F12_2_YPD,32.15300073
6738,6,47,,,,ERS041892,Lys_251,,Saccharomyces cerevisiae,WAxNA,haploid,F12,2,YPD,,0,47,WAxNA_F12_2_YPD_T0_C47,WAxNA_F12_2_YPD,24.39021225
6738,6,48,,,,ERS041893,Lys_252,,Saccharomyces cerevisiae,WAxNA,haploid,F12,2,YPD,,0,48,WAxNA_F12_2_YPD_T0_C48,WAxNA_F12_2_YPD,28.08714548
6738,6,49,,,,ERS041894,Lys_253,,Saccharomyces cerevisiae,WAxNA,haploid,F12,2,YPD,,0,49,WAxNA_F12_2_YPD_T0_C49,WAxNA_F12_2_YPD,25.98221076
6738,6,50,,,,ERS041895,Lys_254,,Saccharomyces cerevisiae,WAxNA,haploid,F12,2,YPD,,0,50,WAxNA_F12_2_YPD_T0_C50,WAxNA_F12_2_YPD,27.73534329
6738,6,51,,,,ERS041896,Lys_255,,Saccharomyces cerevisiae,WAxNA,haploid,F12,2,YPD,,0,51,WAxNA_F12_2_YPD_T0_C51,WAxNA_F12_2_YPD,27.07434402
6738,6,52,,,,ERS041897,Lys_256,,Saccharomyces cerevisiae,WAxNA,haploid,F12,2,YPD,,0,52,WAxNA_F12_2_YPD_T0_C52,WAxNA_F12_2_YPD,30.38476584
6738,6,53,,,,ERS041898,Lys_257,,Saccharomyces cerevisiae,WAxNA,haploid,F12,2,YPD,,0,53,WAxNA_F12_2_YPD_T0_C53,WAxNA_F12_2_YPD,26.67368994
6738,6,54,,,,ERS041899,Lys_258,,Saccharomyces cerevisiae,WAxNA,diploid,F12,2,YPD,,0,54,WAxNA_F12_2_YPD_T0_C54,WAxNA_F12_2_YPD,25.02456567
6738,6,55,,,,ERS041900,Lys_259,,Saccharomyces cerevisiae,WAxNA,haploid,F12,2,YPD,,0,55,WAxNA_F12_2_YPD_T0_C55,WAxNA_F12_2_YPD,28.6070066
6738,6,56,,,,ERS041901,Lys_260,,Saccharomyces cerevisiae,WAxNA,haploid,F12,2,YPD,,0,56,WAxNA_F12_2_YPD_T0_C56,WAxNA_F12_2_YPD,25.4099915
6738,6,57,,,,ERS041902,Lys_261,,Saccharomyces cerevisiae,WAxNA,haploid,F12,2,YPD,,0,57,WAxNA_F12_2_YPD_T0_C57,WAxNA_F12_2_YPD,23.99163727
6738,6,58,,,,ERS041903,Lys_262,,Saccharomyces cerevisiae,WAxNA,haploid,F12,2,YPD,,0,58,WAxNA_F12_2_YPD_T0_C58,WAxNA_F12_2_YPD,27.23869115
6738,6,59,,,,ERS041904,Lys_263,,Saccharomyces cerevisiae,WAxNA,haploid,F12,2,YPD,,0,59,WAxNA_F12_2_YPD_T0_C59,WAxNA_F12_2_YPD,27.01161885
6738,6,60,,,,ERS041905,Lys_264,,Saccharomyces cerevisiae,WAxNA,diploid,F12,2,YPD,,0,60,WAxNA_F12_2_YPD_T0_C60,WAxNA_F12_2_YPD,28.74124473
6738,6,61,,,,ERS041906,Lys_265,,Saccharomyces cerevisiae,WAxNA,haploid,F12,2,YPD,,0,61,WAxNA_F12_2_YPD_T0_C61,WAxNA_F12_2_YPD,25.24611245
6738,6,62,,,,ERS041907,Lys_266,,Saccharomyces cerevisiae,WAxNA,haploid,F12,2,YPD,,0,62,WAxNA_F12_2_YPD_T0_C62,WAxNA_F12_2_YPD,26.79121821
6738,6,63,,,,ERS041908,Lys_267,,Saccharomyces cerevisiae,WAxNA,haploid,F12,2,YPD,,0,63,WAxNA_F12_2_YPD_T0_C63,WAxNA_F12_2_YPD,24.49941661
6738,6,64,,,,ERS041909,Lys_268,,Saccharomyces cerevisiae,WAxNA,haploid,F12,2,YPD,,0,64,WAxNA_F12_2_YPD_T0_C64,WAxNA_F12_2_YPD,23.60986143
6738,6,65,,,,ERS041910,Lys_270,,Saccharomyces cerevisiae,WAxNA,haploid,F12,2,YPD,,0,65,WAxNA_F12_2_YPD_T0_C65,WAxNA_F12_2_YPD,24.22279031
6738,6,66,,,,ERS041911,Lys_271,,Saccharomyces cerevisiae,WAxNA,haploid,F12,2,YPD,,0,66,WAxNA_F12_2_YPD_T0_C66,WAxNA_F12_2_YPD,9.061720706
6738,6,67,,,,ERS041912,Lys_272,,Saccharomyces cerevisiae,WAxNA,haploid,F12,2,YPD,,0,67,WAxNA_F12_2_YPD_T0_C67,WAxNA_F12_2_YPD,22.80618059
6738,6,68,,,,ERS041913,Lys_273,,Saccharomyces cerevisiae,WAxNA,haploid,F12,2,YPD,,0,68,WAxNA_F12_2_YPD_T0_C68,WAxNA_F12_2_YPD,23.5031075
6738,6,69,,,,ERS041914,Lys_274,,Saccharomyces cerevisiae,WAxNA,haploid,F12,2,YPD,,0,69,WAxNA_F12_2_YPD_T0_C69,WAxNA_F12_2_YPD,23.83141256
6738,6,70,,,,ERS041915,Lys_275,,Saccharomyces cerevisiae,WAxNA,haploid,F12,2,YPD,,0,70,WAxNA_F12_2_YPD_T0_C70,WAxNA_F12_2_YPD,25.76631394
6738,6,71,,,,ERS041916,Lys_276,,Saccharomyces cerevisiae,WAxNA,haploid,F12,2,YPD,,0,71,WAxNA_F12_2_YPD_T0_C71,WAxNA_F12_2_YPD,22.44575272
6738,6,72,,,,ERS041917,Lys_277,,Saccharomyces cerevisiae,WAxNA,haploid,F12,2,YPD,,0,72,WAxNA_F12_2_YPD_T0_C72,WAxNA_F12_2_YPD,24.66151648
6738,6,73,,,,ERS041918,Lys_278,,Saccharomyces cerevisiae,WAxNA,diploid,F12,2,YPD,,0,73,WAxNA_F12_2_YPD_T0_C73,WAxNA_F12_2_YPD,24.52458541
6738,6,74,,,,ERS041919,Lys_279,,Saccharomyces cerevisiae,WAxNA,haploid,F12,2,YPD,,0,74,WAxNA_F12_2_YPD_T0_C74,WAxNA_F12_2_YPD,29.02310123
6738,6,75,,,,ERS041920,Lys_280,,Saccharomyces cerevisiae,WAxNA,haploid,F12,2,YPD,,0,75,WAxNA_F12_2_YPD_T0_C75,WAxNA_F12_2_YPD,24.33438095
6738,6,76,,,,ERS041921,Lys_281,,Saccharomyces cerevisiae,WAxNA,haploid,F12,2,YPD,,0,76,WAxNA_F12_2_YPD_T0_C76,WAxNA_F12_2_YPD,27.70508701
6738,6,77,,,,ERS041922,Lys_282,,Saccharomyces cerevisiae,WAxNA,haploid,F12,2,YPD,,0,77,WAxNA_F12_2_YPD_T0_C77,WAxNA_F12_2_YPD,23.61652618
6738,6,78,,,,ERS041923,Lys_283,,Saccharomyces cerevisiae,WAxNA,haploid,F12,2,YPD,,0,78,WAxNA_F12_2_YPD_T0_C78,WAxNA_F12_2_YPD,22.45453743
6738,6,79,,,,ERS041924,Lys_284,,Saccharomyces cerevisiae,WAxNA,haploid,F12,2,YPD,,0,79,WAxNA_F12_2_YPD_T0_C79,WAxNA_F12_2_YPD,23.46270616
6738,6,80,,,,ERS041925,Lys_286,,Saccharomyces cerevisiae,WAxNA,haploid,F12,2,YPD,,0,80,WAxNA_F12_2_YPD_T0_C80,WAxNA_F12_2_YPD,26.68015494
6738,6,81,,,,ERS041926,Lys_287,,Saccharomyces cerevisiae,WAxNA,haploid,F12,2,YPD,,0,81,WAxNA_F12_2_YPD_T0_C81,WAxNA_F12_2_YPD,23.22675811
6738,6,82,,,,ERS041927,Lys_288,,Saccharomyces cerevisiae,WAxNA,haploid,F12,2,YPD,,0,82,WAxNA_F12_2_YPD_T0_C82,WAxNA_F12_2_YPD,27.1840481
6738,6,83,,,,ERS041928,Lys_289,,Saccharomyces cerevisiae,WAxNA,haploid,F12,2,YPD,,0,83,WAxNA_F12_2_YPD_T0_C83,WAxNA_F12_2_YPD,23.50790653
6738,6,84,,,,ERS041929,Lys_290,,Saccharomyces cerevisiae,WAxNA,haploid,F12,2,YPD,,0,84,WAxNA_F12_2_YPD_T0_C84,WAxNA_F12_2_YPD,24.52129278
6738,6,85,,,,ERS041930,Lys_291,,Saccharomyces cerevisiae,WAxNA,haploid,F12,2,YPD,,0,85,WAxNA_F12_2_YPD_T0_C85,WAxNA_F12_2_YPD,23.97616385
6738,6,86,,,,ERS041931,Lys_292,,Saccharomyces cerevisiae,WAxNA,haploid,F12,2,YPD,,0,86,WAxNA_F12_2_YPD_T0_C86,WAxNA_F12_2_YPD,25.34391889
6738,6,87,,,,ERS041932,Lys_293,,Saccharomyces cerevisiae,WAxNA,haploid,F12,2,YPD,,0,87,WAxNA_F12_2_YPD_T0_C87,WAxNA_F12_2_YPD,23.5898654
6738,6,88,,,,ERS041933,Lys_295,,Saccharomyces cerevisiae,WAxNA,haploid,F12,2,YPD,,0,88,WAxNA_F12_2_YPD_T0_C88,WAxNA_F12_2_YPD,20.41061615
6738,6,89,,,,ERS041934,Lys_296,,Saccharomyces cerevisiae,WAxNA,haploid,F12,2,YPD,,0,89,WAxNA_F12_2_YPD_T0_C89,WAxNA_F12_2_YPD,22.25248769
6738,6,90,,,,ERS041935,Lys_297,,Saccharomyces cerevisiae,WAxNA,haploid,F12,2,YPD,,0,90,WAxNA_F12_2_YPD_T0_C90,WAxNA_F12_2_YPD,25.83779182
6738,6,91,,,,ERS041936,Lys_298,,Saccharomyces cerevisiae,WAxNA,haploid,F12,2,YPD,,0,91,WAxNA_F12_2_YPD_T0_C91,WAxNA_F12_2_YPD,24.60158927
6738,6,92,,,,ERS041937,Lys_300,,Saccharomyces cerevisiae,WAxNA,haploid,F12,2,YPD,,0,92,WAxNA_F12_2_YPD_T0_C92,WAxNA_F12_2_YPD,21.22133134
6738,6,93,,,,ERS041938,Lys_301,,Saccharomyces cerevisiae,WAxNA,haploid,F12,2,YPD,,0,93,WAxNA_F12_2_YPD_T0_C93,WAxNA_F12_2_YPD,22.70226301
6738,6,94,,,,ERS041939,Lys_304,,Saccharomyces cerevisiae,WAxNA,haploid,F12,2,YPD,,0,94,WAxNA_F12_2_YPD_T0_C94,WAxNA_F12_2_YPD,26.05995663
6738,6,95,,,,ERS041940,Lys_305,,Saccharomyces cerevisiae,WAxNA,haploid,F12,2,YPD,,0,95,WAxNA_F12_2_YPD_T0_C95,WAxNA_F12_2_YPD,25.03818167
6738,6,96,,,,ERS041941,Lys_306,,Saccharomyces cerevisiae,WAxNA,diploid,F12,2,YPD,,0,96,WAxNA_F12_2_YPD_T0_C96,WAxNA_F12_2_YPD,28.61696134
11823,1,37,14893,4,28,ERS364072,2787STDY5607135,,Saccharomyces cerevisiae,WAxNA,diploid,F2,1,RM,1,2,,WAxNA_F2_1_RM_1_T2,WAxNA_F2_1_RM_1,106.1891781
11823,1,39,14893,4,30,ERS364074,2787STDY5607137,,Saccharomyces cerevisiae,WAxNA,diploid,F2,1,RM,1,4,,WAxNA_F2_1_RM_1_T4,WAxNA_F2_1_RM_1,94.17218163
11823,1,41,14893,4,32,ERS364076,2787STDY5607139,,Saccharomyces cerevisiae,WAxNA,diploid,F2,1,RM,1,8,,WAxNA_F2_1_RM_1_T8,WAxNA_F2_1_RM_1,105.7671984
11822,2,82,,,,ERS364078,2787STDY5607141,,Saccharomyces cerevisiae,WAxNA,diploid,F2,1,RM,1,16,,WAxNA_F2_1_RM_1_T16,WAxNA_F2_1_RM_1,96.26031687
11822,2,84,,,,ERS364080,2787STDY5607143,,Saccharomyces cerevisiae,WAxNA,diploid,F2,1,RM,1,32,,WAxNA_F2_1_RM_1_T32,WAxNA_F2_1_RM_1,96.6425435
11823,1,38,14893,4,29,ERS364073,2787STDY5607136,,Saccharomyces cerevisiae,WAxNA,diploid,F2,1,RM,2,2,,WAxNA_F2_1_RM_2_T2,WAxNA_F2_1_RM_2,100.3870047
11823,1,40,14893,4,31,ERS364075,2787STDY5607138,,Saccharomyces cerevisiae,WAxNA,diploid,F2,1,RM,2,4,,WAxNA_F2_1_RM_2_T4,WAxNA_F2_1_RM_2,103.4460788
11823,1,42,14893,4,33,ERS364077,2787STDY5607140,,Saccharomyces cerevisiae,WAxNA,diploid,F2,1,RM,2,8,,WAxNA_F2_1_RM_2_T8,WAxNA_F2_1_RM_2,110.5333738
11822,2,83,,,,ERS364079,2787STDY5607142,,Saccharomyces cerevisiae,WAxNA,diploid,F2,1,RM,2,16,,WAxNA_F2_1_RM_2_T16,WAxNA_F2_1_RM_2,96.02232727
11822,2,85,,,,ERS364081,2787STDY5607144,,Saccharomyces cerevisiae,WAxNA,diploid,F2,1,RM,2,32,,WAxNA_F2_1_RM_2_T32,WAxNA_F2_1_RM_2,97.53791633
11822,2,81,,,,ERS364071,2787STDY5607134,,Saccharomyces cerevisiae,WAxNA,diploid,F2,1,YPD,1,0,,WAxNA_F2_1_YPD_1_T0,WAxNA_F2_1_YPD_1,115.4558908
11823,1,43,,,,ERS364082,2787STDY5607145,,Saccharomyces cerevisiae,WAxNA,diploid,F2,1,YPD,1,32,,WAxNA_F2_1_YPD_1_T32,WAxNA_F2_1_YPD_1,27.95126493
16356,5,9,16549,4,9,ERS661882,2787STDY6029190,,Saccharomyces cerevisiae,WA,diploid,,,HU,1,2,,WA_HU_1_T2,WA_HU_1,71.80375604
16356,5,45,16549,4,45,ERS661918,2787STDY6029226,,Saccharomyces cerevisiae,WA,diploid,,,HU,1,4,,WA_HU_1_T4,WA_HU_1,56.54559998
16356,6,3,16549,5,3,ERS661954,2787STDY6029262,,Saccharomyces cerevisiae,WA,diploid,,,HU,1,8,,WA_HU_1_T8,WA_HU_1,45.17533209
16356,6,39,16549,5,39,ERS661990,2787STDY6029299,,Saccharomyces cerevisiae,WA,diploid,,,HU,1,16,,WA_HU_1_T16,WA_HU_1,35.25595136
16356,6,75,16549,5,75,ERS662026,2787STDY6029335,,Saccharomyces cerevisiae,WA,diploid,,,HU,1,32,,WA_HU_1_T32,WA_HU_1,49.43234553
16356,5,10,16549,4,10,ERS661883,2787STDY6029191,,Saccharomyces cerevisiae,WA,diploid,,,HU,2,2,,WA_HU_2_T2,WA_HU_2,75.32264269
16356,5,46,16549,4,46,ERS661919,2787STDY6029227,,Saccharomyces cerevisiae,WA,diploid,,,HU,2,4,,WA_HU_2_T4,WA_HU_2,77.86286008
16356,6,4,16549,5,4,ERS661955,2787STDY6029263,,Saccharomyces cerevisiae,WA,diploid,,,HU,2,8,,WA_HU_2_T8,WA_HU_2,42.12195439
16356,6,40,16549,5,40,ERS661991,2787STDY6029300,,Saccharomyces cerevisiae,WA,diploid,,,HU,2,16,,WA_HU_2_T16,WA_HU_2,28.70898974
16356,6,76,16549,5,76,ERS662027,2787STDY6029336,,Saccharomyces cerevisiae,WA,diploid,,,HU,2,32,,WA_HU_2_T32,WA_HU_2,65.60802882
16356,5,25,16549,4,25,ERS661898,2787STDY6029206,,Saccharomyces cerevisiae,WA,diploid,,,RM,1,2,,WA_RM_1_T2,WA_RM_1,82.7470632
16356,5,61,16549,4,61,ERS661934,2787STDY6029242,,Saccharomyces cerevisiae,WA,diploid,,,RM,1,4,,WA_RM_1_T4,WA_RM_1,74.01543925
16356,6,19,16549,5,19,ERS661970,2787STDY6029279,,Saccharomyces cerevisiae,WA,diploid,,,RM,1,8,,WA_RM_1_T8,WA_RM_1,89.04405557
16356,6,55,16549,5,55,ERS662006,2787STDY6029315,,Saccharomyces cerevisiae,WA,diploid,,,RM,1,16,,WA_RM_1_T16,WA_RM_1,97.87007743
16356,7,13,16549,6,13,ERS662042,2787STDY6029351,,Saccharomyces cerevisiae,WA,diploid,,,RM,1,32,,WA_RM_1_T32,WA_RM_1,94.7924872
16356,5,26,16549,4,26,ERS661899,2787STDY6029207,,Saccharomyces cerevisiae,WA,diploid,,,RM,2,2,,WA_RM_2_T2,WA_RM_2,81.80606274
16356,5,62,16549,4,62,ERS661935,2787STDY6029243,,Saccharomyces cerevisiae,WA,diploid,,,RM,2,4,,WA_RM_2_T4,WA_RM_2,83.80893437
16356,6,20,16549,5,20,ERS661971,2787STDY6029280,,Saccharomyces cerevisiae,WA,diploid,,,RM,2,8,,WA_RM_2_T8,WA_RM_2,88.51860502
16356,6,56,16549,5,56,ERS662007,2787STDY6029316,,Saccharomyces cerevisiae,WA,diploid,,,RM,2,16,,WA_RM_2_T16,WA_RM_2,98.89426765
16356,7,14,16549,6,14,ERS662043,2787STDY6029352,,Saccharomyces cerevisiae,WA,diploid,,,RM,2,32,,WA_RM_2_T32,WA_RM_2,95.89650891
4505,7,2,4505,7,12,ERS016990,,DBVPG6044,Saccharomyces cerevisiae,WA,haploid,,,YPD,,0,,WA_YPD_T0,WA_YPD,24.65909059
16356,5,15,16549,4,15,ERS661888,2787STDY6029196,,Saccharomyces cerevisiae,NA,diploid,,,HU,1,2,,NA_HU_1_T2,NA_HU_1,98.56162953
16356,5,51,16549,4,51,ERS661924,2787STDY6029232,,Saccharomyces cerevisiae,NA,diploid,,,HU,1,4,,NA_HU_1_T4,NA_HU_1,81.50832067
16356,6,9,16549,5,9,ERS661960,2787STDY6029268,,Saccharomyces cerevisiae,NA,diploid,,,HU,1,8,,NA_HU_1_T8,NA_HU_1,93.39122479
16356,6,45,16549,5,45,ERS661996,2787STDY6029305,,Saccharomyces cerevisiae,NA,diploid,,,HU,1,16,,NA_HU_1_T16,NA_HU_1,57.37061211
16356,7,3,16549,6,3,ERS662032,2787STDY6029341,,Saccharomyces cerevisiae,NA,diploid,,,HU,1,32,,NA_HU_1_T32,NA_HU_1,103.5979964
16356,5,16,16549,4,16,ERS661889,2787STDY6029197,,Saccharomyces cerevisiae,NA,diploid,,,HU,2,2,,NA_HU_2_T2,NA_HU_2,102.6128962
16356,5,52,16549,4,52,ERS661925,2787STDY6029233,,Saccharomyces cerevisiae,NA,diploid,,,HU,2,4,,NA_HU_2_T4,NA_HU_2,83.72372319
16356,6,10,16549,5,10,ERS661961,2787STDY6029269,,Saccharomyces cerevisiae,NA,diploid,,,HU,2,8,,NA_HU_2_T8,NA_HU_2,51.96212959
16356,6,46,16549,5,46,ERS661997,2787STDY6029306,,Saccharomyces cerevisiae,NA,diploid,,,HU,2,16,,NA_HU_2_T16,NA_HU_2,35.21094151
16356,7,4,16549,6,4,ERS662033,2787STDY6029342,,Saccharomyces cerevisiae,NA,diploid,,,HU,2,32,,NA_HU_2_T32,NA_HU_2,97.11957756
16356,5,31,16549,4,31,ERS661904,2787STDY6029212,,Saccharomyces cerevisiae,NA,diploid,,,RM,1,2,,NA_RM_1_T2,NA_RM_1,88.30655832
16356,5,67,16549,4,67,ERS661940,2787STDY6029248,,Saccharomyces cerevisiae,NA,diploid,,,RM,1,4,,NA_RM_1_T4,NA_RM_1,80.98620228
16356,6,25,16549,5,25,ERS661976,2787STDY6029285,,Saccharomyces cerevisiae,NA,diploid,,,RM,1,8,,NA_RM_1_T8,NA_RM_1,91.46892766
16356,6,61,16549,5,61,ERS662012,2787STDY6029321,,Saccharomyces cerevisiae,NA,diploid,,,RM,1,16,,NA_RM_1_T16,NA_RM_1,91.7383683
16356,7,19,16549,6,19,ERS662048,2787STDY6029357,,Saccharomyces cerevisiae,NA,diploid,,,RM,1,32,,NA_RM_1_T32,NA_RM_1,90.92030325
16356,5,32,16549,4,32,ERS661905,2787STDY6029213,,Saccharomyces cerevisiae,NA,diploid,,,RM,2,2,,NA_RM_2_T2,NA_RM_2,93.49905237
16356,5,68,16549,4,68,ERS661941,2787STDY6029249,,Saccharomyces cerevisiae,NA,diploid,,,RM,2,4,,NA_RM_2_T4,NA_RM_2,81.77621496
16356,6,26,16549,5,26,ERS661977,2787STDY6029286,,Saccharomyces cerevisiae,NA,diploid,,,RM,2,8,,NA_RM_2_T8,NA_RM_2,84.56667323
16356,6,62,16549,5,62,ERS662013,2787STDY6029322,,Saccharomyces cerevisiae,NA,diploid,,,RM,2,16,,NA_RM_2_T16,NA_RM_2,89.22729864
16356,7,20,16549,6,20,ERS662049,2787STDY6029358,,Saccharomyces cerevisiae,NA,diploid,,,RM,2,32,,NA_RM_2_T32,NA_RM_2,89.40483736
4505,7,1,4505,8,1,ERS016989,,YPS128,Saccharomyces cerevisiae,NA,haploid,,,YPD,,0,,NA_YPD_T0,NA_YPD,48.06474373