run,lane,tag,sample_accession_number,sanger_sample_id,nice_sample_id,species,background,ploidy,cross,cross_rep,selection,selection_rep,time,clone,sample,population,coverage
6738,5,1,ERS041750,Ura3_1,,Saccharomyces cerevisiae,WAxNA,haploid,F12,,YPD,,0,C1,WAxNA_F12_YPD_T0_C1,WAxNA_F12_YPD_C,18.97737466
6738,5,2,ERS041751,Ura3_2,,Saccharomyces cerevisiae,WAxNA,haploid,F12,,YPD,,0,C2,WAxNA_F12_YPD_T0_C2,WAxNA_F12_YPD_C,18.23390843
6738,5,3,ERS041752,Ura3_3,,Saccharomyces cerevisiae,WAxNA,haploid,F12,,YPD,,0,C3,WAxNA_F12_YPD_T0_C3,WAxNA_F12_YPD_C,20.21699146
6738,5,4,ERS041753,Ura3_4,,Saccharomyces cerevisiae,WAxNA,haploid,F12,,YPD,,0,C4,WAxNA_F12_YPD_T0_C4,WAxNA_F12_YPD_C,17.55347283
6738,5,5,ERS041754,Ura3_5,,Saccharomyces cerevisiae,WAxNA,haploid,F12,,YPD,,0,C5,WAxNA_F12_YPD_T0_C5,WAxNA_F12_YPD_C,15.3152203
6738,5,6,ERS041755,Ura3_6,,Saccharomyces cerevisiae,WAxNA,haploid,F12,,YPD,,0,C6,WAxNA_F12_YPD_T0_C6,WAxNA_F12_YPD_C,15.95677684
6738,5,7,ERS041756,Ura3_7,,Saccharomyces cerevisiae,WAxNA,haploid,F12,,YPD,,0,C7,WAxNA_F12_YPD_T0_C7,WAxNA_F12_YPD_C,15.75305766
6738,5,8,ERS041757,Ura3_8,,Saccharomyces cerevisiae,WAxNA,haploid,F12,,YPD,,0,C8,WAxNA_F12_YPD_T0_C8,WAxNA_F12_YPD_C,29.92672672
6738,5,9,ERS041758,Ura3_9,,Saccharomyces cerevisiae,WAxNA,haploid,F12,,YPD,,0,C9,WAxNA_F12_YPD_T0_C9,WAxNA_F12_YPD_C,14.09175247
6738,5,10,ERS041759,Ura3_10,,Saccharomyces cerevisiae,WAxNA,haploid,F12,,YPD,,0,C10,WAxNA_F12_YPD_T0_C10,WAxNA_F12_YPD_C,21.51098752
6738,5,11,ERS041760,Ura3_11,,Saccharomyces cerevisiae,WAxNA,haploid,F12,,YPD,,0,C11,WAxNA_F12_YPD_T0_C11,WAxNA_F12_YPD_C,23.55821733
6738,5,12,ERS041761,Ura3_13,,Saccharomyces cerevisiae,WAxNA,haploid,F12,,YPD,,0,C12,WAxNA_F12_YPD_T0_C12,WAxNA_F12_YPD_C,34.24292708
6738,5,13,ERS041762,Ura3_14,,Saccharomyces cerevisiae,WAxNA,haploid,F12,,YPD,,0,C13,WAxNA_F12_YPD_T0_C13,WAxNA_F12_YPD_C,16.83410119
6738,5,14,ERS041763,Ura3_15,,Saccharomyces cerevisiae,WAxNA,haploid,F12,,YPD,,0,C14,WAxNA_F12_YPD_T0_C14,WAxNA_F12_YPD_C,13.07049984
6738,5,15,ERS041764,Ura3_16,,Saccharomyces cerevisiae,WAxNA,haploid,F12,,YPD,,0,C15,WAxNA_F12_YPD_T0_C15,WAxNA_F12_YPD_C,13.74027111
6738,5,16,ERS041765,Ura3_17,,Saccharomyces cerevisiae,WAxNA,haploid,F12,,YPD,,0,C16,WAxNA_F12_YPD_T0_C16,WAxNA_F12_YPD_C,22.55439137
6738,5,17,ERS041766,Ura3_18,,Saccharomyces cerevisiae,WAxNA,haploid,F12,,YPD,,0,C17,WAxNA_F12_YPD_T0_C17,WAxNA_F12_YPD_C,21.51035778
6738,5,18,ERS041767,Ura3_19,,Saccharomyces cerevisiae,WAxNA,haploid,F12,,YPD,,0,C18,WAxNA_F12_YPD_T0_C18,WAxNA_F12_YPD_C,14.07721055
6738,5,19,ERS041768,Ura3_21,,Saccharomyces cerevisiae,WAxNA,haploid,F12,,YPD,,0,C19,WAxNA_F12_YPD_T0_C19,WAxNA_F12_YPD_C,13.69418729
6738,5,20,ERS041769,Ura3_22,,Saccharomyces cerevisiae,WAxNA,haploid,F12,,YPD,,0,C20,WAxNA_F12_YPD_T0_C20,WAxNA_F12_YPD_C,13.37453493
6738,5,21,ERS041770,Ura3_24,,Saccharomyces cerevisiae,WAxNA,haploid,F12,,YPD,,0,C21,WAxNA_F12_YPD_T0_C21,WAxNA_F12_YPD_C,21.06932662
6738,5,22,ERS041771,Ura3_25,,Saccharomyces cerevisiae,WAxNA,haploid,F12,,YPD,,0,C22,WAxNA_F12_YPD_T0_C22,WAxNA_F12_YPD_C,14.63061895
6738,5,23,ERS041772,Ura3_26,,Saccharomyces cerevisiae,WAxNA,haploid,F12,,YPD,,0,C23,WAxNA_F12_YPD_T0_C23,WAxNA_F12_YPD_C,14.48582928
6738,5,24,ERS041773,Ura3_27,,Saccharomyces cerevisiae,WAxNA,haploid,F12,,YPD,,0,C24,WAxNA_F12_YPD_T0_C24,WAxNA_F12_YPD_C,25.98327444
6738,5,25,ERS041774,Ura3_28,,Saccharomyces cerevisiae,WAxNA,haploid,F12,,YPD,,0,C25,WAxNA_F12_YPD_T0_C25,WAxNA_F12_YPD_C,13.35852543
6738,5,26,ERS041775,Ura3_29,,Saccharomyces cerevisiae,WAxNA,haploid,F12,,YPD,,0,C26,WAxNA_F12_YPD_T0_C26,WAxNA_F12_YPD_C,13.19711544
6738,5,27,ERS041776,Ura3_30,,Saccharomyces cerevisiae,WAxNA,haploid,F12,,YPD,,0,C27,WAxNA_F12_YPD_T0_C27,WAxNA_F12_YPD_C,16.52150358
6738,5,28,ERS041777,Ura3_32,,Saccharomyces cerevisiae,WAxNA,haploid,F12,,YPD,,0,C28,WAxNA_F12_YPD_T0_C28,WAxNA_F12_YPD_C,13.01751639
6738,5,29,ERS041778,Ura3_33,,Saccharomyces cerevisiae,WAxNA,haploid,F12,,YPD,,0,C29,WAxNA_F12_YPD_T0_C29,WAxNA_F12_YPD_C,11.84247021
6738,5,30,ERS041779,Ura3_34,,Saccharomyces cerevisiae,WAxNA,haploid,F12,,YPD,,0,C30,WAxNA_F12_YPD_T0_C30,WAxNA_F12_YPD_C,11.52777198
6738,5,31,ERS041780,Ura3_35,,Saccharomyces cerevisiae,WAxNA,haploid,F12,,YPD,,0,C31,WAxNA_F12_YPD_T0_C31,WAxNA_F12_YPD_C,11.91314503
6738,5,32,ERS041781,Ura3_36,,Saccharomyces cerevisiae,WAxNA,haploid,F12,,YPD,,0,C32,WAxNA_F12_YPD_T0_C32,WAxNA_F12_YPD_C,13.27752138
6738,5,33,ERS041782,Ura3_37,,Saccharomyces cerevisiae,WAxNA,haploid,F12,,YPD,,0,C33,WAxNA_F12_YPD_T0_C33,WAxNA_F12_YPD_C,11.39001246
6738,5,34,ERS041783,Ura3_38,,Saccharomyces cerevisiae,WAxNA,haploid,F12,,YPD,,0,C34,WAxNA_F12_YPD_T0_C34,WAxNA_F12_YPD_C,12.20606807
6738,5,35,ERS041784,Ura3_39,,Saccharomyces cerevisiae,WAxNA,haploid,F12,,YPD,,0,C35,WAxNA_F12_YPD_T0_C35,WAxNA_F12_YPD_C,29.13168457
6738,5,36,ERS041785,Ura3_40,,Saccharomyces cerevisiae,WAxNA,haploid,F12,,YPD,,0,C36,WAxNA_F12_YPD_T0_C36,WAxNA_F12_YPD_C,24.21750417
6738,5,37,ERS041786,Ura3_41,,Saccharomyces cerevisiae,WAxNA,haploid,F12,,YPD,,0,C37,WAxNA_F12_YPD_T0_C37,WAxNA_F12_YPD_C,13.86549088
6738,5,38,ERS041787,Ura3_42,,Saccharomyces cerevisiae,WAxNA,haploid,F12,,YPD,,0,C38,WAxNA_F12_YPD_T0_C38,WAxNA_F12_YPD_C,15.61898393
6738,5,39,ERS041788,Ura3_43,,Saccharomyces cerevisiae,WAxNA,haploid,F12,,YPD,,0,C39,WAxNA_F12_YPD_T0_C39,WAxNA_F12_YPD_C,9.408820453
6738,5,40,ERS041789,Ura3_44,,Saccharomyces cerevisiae,WAxNA,haploid,F12,,YPD,,0,C40,WAxNA_F12_YPD_T0_C40,WAxNA_F12_YPD_C,13.55555904
6738,5,41,ERS041790,Ura3_45,,Saccharomyces cerevisiae,WAxNA,haploid,F12,,YPD,,0,C41,WAxNA_F12_YPD_T0_C41,WAxNA_F12_YPD_C,14.08068057
6738,5,42,ERS041791,Ura3_46,,Saccharomyces cerevisiae,WAxNA,haploid,F12,,YPD,,0,C42,WAxNA_F12_YPD_T0_C42,WAxNA_F12_YPD_C,15.19510395
6738,5,43,ERS041792,Ura3_47,,Saccharomyces cerevisiae,WAxNA,haploid,F12,,YPD,,0,C43,WAxNA_F12_YPD_T0_C43,WAxNA_F12_YPD_C,16.66077515
6738,5,44,ERS041793,Ura3_48,,Saccharomyces cerevisiae,WAxNA,haploid,F12,,YPD,,0,C44,WAxNA_F12_YPD_T0_C44,WAxNA_F12_YPD_C,11.82980813
6738,5,45,ERS041794,Ura3_49,,Saccharomyces cerevisiae,WAxNA,haploid,F12,,YPD,,0,C45,WAxNA_F12_YPD_T0_C45,WAxNA_F12_YPD_C,9.517308938
6738,5,46,ERS041795,Ura3_50,,Saccharomyces cerevisiae,WAxNA,haploid,F12,,YPD,,0,C46,WAxNA_F12_YPD_T0_C46,WAxNA_F12_YPD_C,22.12120048
6738,5,47,ERS041796,Ura3_51,,Saccharomyces cerevisiae,WAxNA,haploid,F12,,YPD,,0,C47,WAxNA_F12_YPD_T0_C47,WAxNA_F12_YPD_C,22.86960065
6738,5,48,ERS041797,Ura3_52,,Saccharomyces cerevisiae,WAxNA,haploid,F12,,YPD,,0,C48,WAxNA_F12_YPD_T0_C48,WAxNA_F12_YPD_C,24.0208638
6738,5,49,ERS041798,Ura3_53,,Saccharomyces cerevisiae,WAxNA,haploid,F12,,YPD,,0,C49,WAxNA_F12_YPD_T0_C49,WAxNA_F12_YPD_C,22.45151291
6738,5,50,ERS041799,Ura3_54,,Saccharomyces cerevisiae,WAxNA,haploid,F12,,YPD,,0,C50,WAxNA_F12_YPD_T0_C50,WAxNA_F12_YPD_C,20.06482748
6738,5,51,ERS041800,Ura3_55,,Saccharomyces cerevisiae,WAxNA,haploid,F12,,YPD,,0,C51,WAxNA_F12_YPD_T0_C51,WAxNA_F12_YPD_C,14.15296558
6738,5,52,ERS041801,Ura3_56,,Saccharomyces cerevisiae,WAxNA,haploid,F12,,YPD,,0,C52,WAxNA_F12_YPD_T0_C52,WAxNA_F12_YPD_C,15.10685637
6738,5,53,ERS041802,Ura3_57,,Saccharomyces cerevisiae,WAxNA,haploid,F12,,YPD,,0,C53,WAxNA_F12_YPD_T0_C53,WAxNA_F12_YPD_C,14.86516855
6738,5,54,ERS041803,Ura3_58,,Saccharomyces cerevisiae,WAxNA,haploid,F12,,YPD,,0,C54,WAxNA_F12_YPD_T0_C54,WAxNA_F12_YPD_C,15.08120227
6738,5,55,ERS041804,Ura3_59,,Saccharomyces cerevisiae,WAxNA,haploid,F12,,YPD,,0,C55,WAxNA_F12_YPD_T0_C55,WAxNA_F12_YPD_C,13.61600552
6738,5,56,ERS041805,Ura3_60,,Saccharomyces cerevisiae,WAxNA,haploid,F12,,YPD,,0,C56,WAxNA_F12_YPD_T0_C56,WAxNA_F12_YPD_C,12.22105499
6738,5,57,ERS041806,Ura3_61,,Saccharomyces cerevisiae,WAxNA,haploid,F12,,YPD,,0,C57,WAxNA_F12_YPD_T0_C57,WAxNA_F12_YPD_C,14.66521332
6738,5,58,ERS041807,Ura3_62,,Saccharomyces cerevisiae,WAxNA,haploid,F12,,YPD,,0,C58,WAxNA_F12_YPD_T0_C58,WAxNA_F12_YPD_C,15.50289322
6738,5,59,ERS041808,Ura3_63,,Saccharomyces cerevisiae,WAxNA,haploid,F12,,YPD,,0,C59,WAxNA_F12_YPD_T0_C59,WAxNA_F12_YPD_C,18.64970825
6738,5,60,ERS041809,Ura3_64,,Saccharomyces cerevisiae,WAxNA,haploid,F12,,YPD,,0,C60,WAxNA_F12_YPD_T0_C60,WAxNA_F12_YPD_C,36.60111191
6738,5,61,ERS041810,Ura3_65,,Saccharomyces cerevisiae,WAxNA,haploid,F12,,YPD,,0,C61,WAxNA_F12_YPD_T0_C61,WAxNA_F12_YPD_C,18.50396276
6738,5,62,ERS041811,Ura3_66,,Saccharomyces cerevisiae,WAxNA,haploid,F12,,YPD,,0,C62,WAxNA_F12_YPD_T0_C62,WAxNA_F12_YPD_C,12.96377208
6738,5,63,ERS041812,Ura3_67,,Saccharomyces cerevisiae,WAxNA,haploid,F12,,YPD,,0,C63,WAxNA_F12_YPD_T0_C63,WAxNA_F12_YPD_C,11.69635965
6738,5,64,ERS041813,Ura3_68,,Saccharomyces cerevisiae,WAxNA,haploid,F12,,YPD,,0,C64,WAxNA_F12_YPD_T0_C64,WAxNA_F12_YPD_C,12.36239107
6738,5,65,ERS041814,Ura3_69,,Saccharomyces cerevisiae,WAxNA,haploid,F12,,YPD,,0,C65,WAxNA_F12_YPD_T0_C65,WAxNA_F12_YPD_C,14.2348328
6738,5,66,ERS041815,Ura3_70,,Saccharomyces cerevisiae,WAxNA,haploid,F12,,YPD,,0,C66,WAxNA_F12_YPD_T0_C66,WAxNA_F12_YPD_C,12.79797638
6738,5,67,ERS041816,Ura3_71,,Saccharomyces cerevisiae,WAxNA,haploid,F12,,YPD,,0,C67,WAxNA_F12_YPD_T0_C67,WAxNA_F12_YPD_C,12.09188728
6738,5,68,ERS041817,Ura3_72,,Saccharomyces cerevisiae,WAxNA,haploid,F12,,YPD,,0,C68,WAxNA_F12_YPD_T0_C68,WAxNA_F12_YPD_C,15.47633611
6738,5,69,ERS041818,Ura3_73,,Saccharomyces cerevisiae,WAxNA,haploid,F12,,YPD,,0,C69,WAxNA_F12_YPD_T0_C69,WAxNA_F12_YPD_C,9.475996122
6738,5,70,ERS041819,Ura3_74,,Saccharomyces cerevisiae,WAxNA,haploid,F12,,YPD,,0,C70,WAxNA_F12_YPD_T0_C70,WAxNA_F12_YPD_C,20.1365868
6738,5,71,ERS041820,Ura3_75,,Saccharomyces cerevisiae,WAxNA,haploid,F12,,YPD,,0,C71,WAxNA_F12_YPD_T0_C71,WAxNA_F12_YPD_C,13.86182865
6738,5,72,ERS041821,Ura3_76,,Saccharomyces cerevisiae,WAxNA,haploid,F12,,YPD,,0,C72,WAxNA_F12_YPD_T0_C72,WAxNA_F12_YPD_C,20.18088449
6738,5,73,ERS041822,Ura3_77,,Saccharomyces cerevisiae,WAxNA,haploid,F12,,YPD,,0,C73,WAxNA_F12_YPD_T0_C73,WAxNA_F12_YPD_C,15.3631812
6738,5,74,ERS041823,Ura3_78,,Saccharomyces cerevisiae,WAxNA,haploid,F12,,YPD,,0,C74,WAxNA_F12_YPD_T0_C74,WAxNA_F12_YPD_C,23.79040417
6738,5,75,ERS041824,Ura3_79,,Saccharomyces cerevisiae,WAxNA,haploid,F12,,YPD,,0,C75,WAxNA_F12_YPD_T0_C75,WAxNA_F12_YPD_C,20.57146343
6738,5,76,ERS041825,Ura3_80,,Saccharomyces cerevisiae,WAxNA,haploid,F12,,YPD,,0,C76,WAxNA_F12_YPD_T0_C76,WAxNA_F12_YPD_C,11.80952629
6738,5,77,ERS041826,Ura3_81,,Saccharomyces cerevisiae,WAxNA,haploid,F12,,YPD,,0,C77,WAxNA_F12_YPD_T0_C77,WAxNA_F12_YPD_C,17.98235909
6738,5,78,ERS041827,Ura3_82,,Saccharomyces cerevisiae,WAxNA,haploid,F12,,YPD,,0,C78,WAxNA_F12_YPD_T0_C78,WAxNA_F12_YPD_C,11.18625215
6738,5,79,ERS041828,Ura3_83,,Saccharomyces cerevisiae,WAxNA,haploid,F12,,YPD,,0,C79,WAxNA_F12_YPD_T0_C79,WAxNA_F12_YPD_C,11.40397798
6738,5,80,ERS041829,Ura3_84,,Saccharomyces cerevisiae,WAxNA,haploid,F12,,YPD,,0,C80,WAxNA_F12_YPD_T0_C80,WAxNA_F12_YPD_C,12.14040037
6738,5,81,ERS041830,Ura3_85,,Saccharomyces cerevisiae,WAxNA,haploid,F12,,YPD,,0,C81,WAxNA_F12_YPD_T0_C81,WAxNA_F12_YPD_C,16.30821816
6738,5,82,ERS041831,Ura3_86,,Saccharomyces cerevisiae,WAxNA,haploid,F12,,YPD,,0,C82,WAxNA_F12_YPD_T0_C82,WAxNA_F12_YPD_C,12.99910271
6738,5,83,ERS041832,Ura3_87,,Saccharomyces cerevisiae,WAxNA,haploid,F12,,YPD,,0,C83,WAxNA_F12_YPD_T0_C83,WAxNA_F12_YPD_C,18.3617306
6738,5,84,ERS041833,Ura3_120,,Saccharomyces cerevisiae,WAxNA,haploid,F12,,YPD,,0,C84,WAxNA_F12_YPD_T0_C84,WAxNA_F12_YPD_C,21.30295343
6738,5,85,ERS041834,Ura3_121,,Saccharomyces cerevisiae,WAxNA,haploid,F12,,YPD,,0,C85,WAxNA_F12_YPD_T0_C85,WAxNA_F12_YPD_C,16.04285329
6738,5,86,ERS041835,Ura3_122,,Saccharomyces cerevisiae,WAxNA,haploid,F12,,YPD,,0,C86,WAxNA_F12_YPD_T0_C86,WAxNA_F12_YPD_C,34.49968175
6738,5,87,ERS041836,Ura3_123,,Saccharomyces cerevisiae,WAxNA,haploid,F12,,YPD,,0,C87,WAxNA_F12_YPD_T0_C87,WAxNA_F12_YPD_C,18.4191949
6738,5,88,ERS041837,Ura3_124,,Saccharomyces cerevisiae,WAxNA,haploid,F12,,YPD,,0,C88,WAxNA_F12_YPD_T0_C88,WAxNA_F12_YPD_C,20.21304466
6738,5,89,ERS041838,Ura3_126,,Saccharomyces cerevisiae,WAxNA,haploid,F12,,YPD,,0,C89,WAxNA_F12_YPD_T0_C89,WAxNA_F12_YPD_C,20.43832263
6738,5,90,ERS041839,Ura3_127,,Saccharomyces cerevisiae,WAxNA,haploid,F12,,YPD,,0,C90,WAxNA_F12_YPD_T0_C90,WAxNA_F12_YPD_C,26.88685835
6738,5,91,ERS041840,Ura3_128,,Saccharomyces cerevisiae,WAxNA,haploid,F12,,YPD,,0,C91,WAxNA_F12_YPD_T0_C91,WAxNA_F12_YPD_C,16.79943406
6738,5,92,ERS041841,Ura3_129,,Saccharomyces cerevisiae,WAxNA,haploid,F12,,YPD,,0,C92,WAxNA_F12_YPD_T0_C92,WAxNA_F12_YPD_C,17.62664679
6738,5,93,ERS041842,Ura3_130,,Saccharomyces cerevisiae,WAxNA,haploid,F12,,YPD,,0,C93,WAxNA_F12_YPD_T0_C93,WAxNA_F12_YPD_C,23.74596233
6738,5,94,ERS041843,Ura3_131,,Saccharomyces cerevisiae,WAxNA,haploid,F12,,YPD,,0,C94,WAxNA_F12_YPD_T0_C94,WAxNA_F12_YPD_C,35.43544414
6738,5,95,ERS041844,Ura3_132,,Saccharomyces cerevisiae,WAxNA,haploid,F12,,YPD,,0,C95,WAxNA_F12_YPD_T0_C95,WAxNA_F12_YPD_C,15.34940199
6738,5,96,ERS041845,Ura3_133,,Saccharomyces cerevisiae,WAxNA,haploid,F12,,YPD,,0,C96,WAxNA_F12_YPD_T0_C96,WAxNA_F12_YPD_C,27.0781024
6738,6,1,ERS041846,Lys_201,,Saccharomyces cerevisiae,WAxNA,haploid,F12,,YPD,,0,C97,WAxNA_F12_YPD_T0_C97,WAxNA_F12_YPD_C,30.40139706
6738,6,2,ERS041847,Lys_202,,Saccharomyces cerevisiae,WAxNA,haploid,F12,,YPD,,0,C98,WAxNA_F12_YPD_T0_C98,WAxNA_F12_YPD_C,28.00427182
6738,6,3,ERS041848,Lys_203,,Saccharomyces cerevisiae,WAxNA,haploid,F12,,YPD,,0,C99,WAxNA_F12_YPD_T0_C99,WAxNA_F12_YPD_C,30.05451318
6738,6,4,ERS041849,Lys_204,,Saccharomyces cerevisiae,WAxNA,haploid,F12,,YPD,,0,C100,WAxNA_F12_YPD_T0_C100,WAxNA_F12_YPD_C,29.8799421
6738,6,5,ERS041850,Lys_205,,Saccharomyces cerevisiae,WAxNA,haploid,F12,,YPD,,0,C101,WAxNA_F12_YPD_T0_C101,WAxNA_F12_YPD_C,29.82863409
6738,6,6,ERS041851,Lys_206,,Saccharomyces cerevisiae,WAxNA,haploid,F12,,YPD,,0,C102,WAxNA_F12_YPD_T0_C102,WAxNA_F12_YPD_C,27.16625362
6738,6,7,ERS041852,Lys_207,,Saccharomyces cerevisiae,WAxNA,haploid,F12,,YPD,,0,C103,WAxNA_F12_YPD_T0_C103,WAxNA_F12_YPD_C,31.99710039
6738,6,8,ERS041853,Lys_208,,Saccharomyces cerevisiae,WAxNA,haploid,F12,,YPD,,0,C104,WAxNA_F12_YPD_T0_C104,WAxNA_F12_YPD_C,35.97414903
6738,6,9,ERS041854,Lys_209,,Saccharomyces cerevisiae,WAxNA,haploid,F12,,YPD,,0,C105,WAxNA_F12_YPD_T0_C105,WAxNA_F12_YPD_C,29.46606961
6738,6,10,ERS041855,Lys_210,,Saccharomyces cerevisiae,WAxNA,haploid,F12,,YPD,,0,C106,WAxNA_F12_YPD_T0_C106,WAxNA_F12_YPD_C,24.91788242
6738,6,11,ERS041856,Lys_211,,Saccharomyces cerevisiae,WAxNA,haploid,F12,,YPD,,0,C107,WAxNA_F12_YPD_T0_C107,WAxNA_F12_YPD_C,30.20543598
6738,6,12,ERS041857,Lys_212,,Saccharomyces cerevisiae,WAxNA,haploid,F12,,YPD,,0,C108,WAxNA_F12_YPD_T0_C108,WAxNA_F12_YPD_C,31.19497067
6738,6,13,ERS041858,Lys_213,,Saccharomyces cerevisiae,WAxNA,haploid,F12,,YPD,,0,C109,WAxNA_F12_YPD_T0_C109,WAxNA_F12_YPD_C,30.29357589
6738,6,14,ERS041859,Lys_214,,Saccharomyces cerevisiae,WAxNA,haploid,F12,,YPD,,0,C110,WAxNA_F12_YPD_T0_C110,WAxNA_F12_YPD_C,23.86677885
6738,6,15,ERS041860,Lys_215,,Saccharomyces cerevisiae,WAxNA,haploid,F12,,YPD,,0,C111,WAxNA_F12_YPD_T0_C111,WAxNA_F12_YPD_C,25.83223575
6738,6,16,ERS041861,Lys_216,,Saccharomyces cerevisiae,WAxNA,haploid,F12,,YPD,,0,C112,WAxNA_F12_YPD_T0_C112,WAxNA_F12_YPD_C,30.90206902
6738,6,17,ERS041862,Lys_217,,Saccharomyces cerevisiae,WAxNA,haploid,F12,,YPD,,0,C113,WAxNA_F12_YPD_T0_C113,WAxNA_F12_YPD_C,26.32119647
6738,6,18,ERS041863,Lys_218,,Saccharomyces cerevisiae,WAxNA,haploid,F12,,YPD,,0,C114,WAxNA_F12_YPD_T0_C114,WAxNA_F12_YPD_C,24.55781156
6738,6,19,ERS041864,Lys_219,,Saccharomyces cerevisiae,WAxNA,haploid,F12,,YPD,,0,C115,WAxNA_F12_YPD_T0_C115,WAxNA_F12_YPD_C,27.42217095
6738,6,20,ERS041865,Lys_220,,Saccharomyces cerevisiae,WAxNA,haploid,F12,,YPD,,0,C116,WAxNA_F12_YPD_T0_C116,WAxNA_F12_YPD_C,25.07029288
6738,6,21,ERS041866,Lys_221,,Saccharomyces cerevisiae,WAxNA,haploid,F12,,YPD,,0,C117,WAxNA_F12_YPD_T0_C117,WAxNA_F12_YPD_C,29.0211282
6738,6,22,ERS041867,Lys_222,,Saccharomyces cerevisiae,WAxNA,haploid,F12,,YPD,,0,C118,WAxNA_F12_YPD_T0_C118,WAxNA_F12_YPD_C,27.37732975
6738,6,23,ERS041868,Lys_223,,Saccharomyces cerevisiae,WAxNA,haploid,F12,,YPD,,0,C119,WAxNA_F12_YPD_T0_C119,WAxNA_F12_YPD_C,30.15422105
6738,6,24,ERS041869,Lys_224,,Saccharomyces cerevisiae,WAxNA,haploid,F12,,YPD,,0,C120,WAxNA_F12_YPD_T0_C120,WAxNA_F12_YPD_C,30.11713049
6738,6,25,ERS041870,Lys_227,,Saccharomyces cerevisiae,WAxNA,haploid,F12,,YPD,,0,C121,WAxNA_F12_YPD_T0_C121,WAxNA_F12_YPD_C,25.22000692
6738,6,26,ERS041871,Lys_228,,Saccharomyces cerevisiae,WAxNA,haploid,F12,,YPD,,0,C122,WAxNA_F12_YPD_T0_C122,WAxNA_F12_YPD_C,24.59322331
6738,6,27,ERS041872,Lys_229,,Saccharomyces cerevisiae,WAxNA,haploid,F12,,YPD,,0,C123,WAxNA_F12_YPD_T0_C123,WAxNA_F12_YPD_C,27.35284624
6738,6,28,ERS041873,Lys_230,,Saccharomyces cerevisiae,WAxNA,haploid,F12,,YPD,,0,C124,WAxNA_F12_YPD_T0_C124,WAxNA_F12_YPD_C,25.14607423
6738,6,29,ERS041874,Lys_231,,Saccharomyces cerevisiae,WAxNA,haploid,F12,,YPD,,0,C125,WAxNA_F12_YPD_T0_C125,WAxNA_F12_YPD_C,24.84450437
6738,6,30,ERS041875,Lys_232,,Saccharomyces cerevisiae,WAxNA,haploid,F12,,YPD,,0,C126,WAxNA_F12_YPD_T0_C126,WAxNA_F12_YPD_C,18.47281387
6738,6,31,ERS041876,Lys_233,,Saccharomyces cerevisiae,WAxNA,haploid,F12,,YPD,,0,C127,WAxNA_F12_YPD_T0_C127,WAxNA_F12_YPD_C,24.55177658
6738,6,32,ERS041877,Lys_234,,Saccharomyces cerevisiae,WAxNA,haploid,F12,,YPD,,0,C128,WAxNA_F12_YPD_T0_C128,WAxNA_F12_YPD_C,23.58344625
6738,6,33,ERS041878,Lys_235,,Saccharomyces cerevisiae,WAxNA,haploid,F12,,YPD,,0,C129,WAxNA_F12_YPD_T0_C129,WAxNA_F12_YPD_C,23.99891927
6738,6,34,ERS041879,Lys_236,,Saccharomyces cerevisiae,WAxNA,haploid,F12,,YPD,,0,C130,WAxNA_F12_YPD_T0_C130,WAxNA_F12_YPD_C,21.03774308
6738,6,35,ERS041880,Lys_237,,Saccharomyces cerevisiae,WAxNA,haploid,F12,,YPD,,0,C131,WAxNA_F12_YPD_T0_C131,WAxNA_F12_YPD_C,24.77186472
6738,6,36,ERS041881,Lys_238,,Saccharomyces cerevisiae,WAxNA,haploid,F12,,YPD,,0,C132,WAxNA_F12_YPD_T0_C132,WAxNA_F12_YPD_C,24.8177551
6738,6,37,ERS041882,Lys_239,,Saccharomyces cerevisiae,WAxNA,haploid,F12,,YPD,,0,C133,WAxNA_F12_YPD_T0_C133,WAxNA_F12_YPD_C,28.50435776
6738,6,38,ERS041883,Lys_241,,Saccharomyces cerevisiae,WAxNA,haploid,F12,,YPD,,0,C134,WAxNA_F12_YPD_T0_C134,WAxNA_F12_YPD_C,29.35585053
6738,6,39,ERS041884,Lys_243,,Saccharomyces cerevisiae,WAxNA,haploid,F12,,YPD,,0,C135,WAxNA_F12_YPD_T0_C135,WAxNA_F12_YPD_C,20.04912254
6738,6,40,ERS041885,Lys_244,,Saccharomyces cerevisiae,WAxNA,haploid,F12,,YPD,,0,C136,WAxNA_F12_YPD_T0_C136,WAxNA_F12_YPD_C,23.28109786
6738,6,41,ERS041886,Lys_245,,Saccharomyces cerevisiae,WAxNA,haploid,F12,,YPD,,0,C137,WAxNA_F12_YPD_T0_C137,WAxNA_F12_YPD_C,26.98894527
6738,6,42,ERS041887,Lys_246,,Saccharomyces cerevisiae,WAxNA,haploid,F12,,YPD,,0,C138,WAxNA_F12_YPD_T0_C138,WAxNA_F12_YPD_C,23.87119487
6738,6,43,ERS041888,Lys_247,,Saccharomyces cerevisiae,WAxNA,haploid,F12,,YPD,,0,C139,WAxNA_F12_YPD_T0_C139,WAxNA_F12_YPD_C,28.96789576
6738,6,44,ERS041889,Lys_248,,Saccharomyces cerevisiae,WAxNA,haploid,F12,,YPD,,0,C140,WAxNA_F12_YPD_T0_C140,WAxNA_F12_YPD_C,22.06011682
6738,6,45,ERS041890,Lys_249,,Saccharomyces cerevisiae,WAxNA,haploid,F12,,YPD,,0,C141,WAxNA_F12_YPD_T0_C141,WAxNA_F12_YPD_C,24.75772294
6738,6,46,ERS041891,Lys_250,,Saccharomyces cerevisiae,WAxNA,haploid,F12,,YPD,,0,C142,WAxNA_F12_YPD_T0_C142,WAxNA_F12_YPD_C,32.15300073
6738,6,47,ERS041892,Lys_251,,Saccharomyces cerevisiae,WAxNA,haploid,F12,,YPD,,0,C143,WAxNA_F12_YPD_T0_C143,WAxNA_F12_YPD_C,24.39021225
6738,6,48,ERS041893,Lys_252,,Saccharomyces cerevisiae,WAxNA,haploid,F12,,YPD,,0,C144,WAxNA_F12_YPD_T0_C144,WAxNA_F12_YPD_C,28.08714548
6738,6,49,ERS041894,Lys_253,,Saccharomyces cerevisiae,WAxNA,haploid,F12,,YPD,,0,C145,WAxNA_F12_YPD_T0_C145,WAxNA_F12_YPD_C,25.98221076
6738,6,50,ERS041895,Lys_254,,Saccharomyces cerevisiae,WAxNA,haploid,F12,,YPD,,0,C146,WAxNA_F12_YPD_T0_C146,WAxNA_F12_YPD_C,27.73534329
6738,6,51,ERS041896,Lys_255,,Saccharomyces cerevisiae,WAxNA,haploid,F12,,YPD,,0,C147,WAxNA_F12_YPD_T0_C147,WAxNA_F12_YPD_C,27.07434402
6738,6,52,ERS041897,Lys_256,,Saccharomyces cerevisiae,WAxNA,haploid,F12,,YPD,,0,C148,WAxNA_F12_YPD_T0_C148,WAxNA_F12_YPD_C,30.38476584
6738,6,53,ERS041898,Lys_257,,Saccharomyces cerevisiae,WAxNA,haploid,F12,,YPD,,0,C149,WAxNA_F12_YPD_T0_C149,WAxNA_F12_YPD_C,26.67368994
6738,6,54,ERS041899,Lys_258,,Saccharomyces cerevisiae,WAxNA,haploid,F12,,YPD,,0,C150,WAxNA_F12_YPD_T0_C150,WAxNA_F12_YPD_C,25.02456567
6738,6,55,ERS041900,Lys_259,,Saccharomyces cerevisiae,WAxNA,haploid,F12,,YPD,,0,C151,WAxNA_F12_YPD_T0_C151,WAxNA_F12_YPD_C,28.6070066
6738,6,56,ERS041901,Lys_260,,Saccharomyces cerevisiae,WAxNA,haploid,F12,,YPD,,0,C152,WAxNA_F12_YPD_T0_C152,WAxNA_F12_YPD_C,25.4099915
6738,6,57,ERS041902,Lys_261,,Saccharomyces cerevisiae,WAxNA,haploid,F12,,YPD,,0,C153,WAxNA_F12_YPD_T0_C153,WAxNA_F12_YPD_C,23.99163727
6738,6,58,ERS041903,Lys_262,,Saccharomyces cerevisiae,WAxNA,haploid,F12,,YPD,,0,C154,WAxNA_F12_YPD_T0_C154,WAxNA_F12_YPD_C,27.23869115
6738,6,59,ERS041904,Lys_263,,Saccharomyces cerevisiae,WAxNA,haploid,F12,,YPD,,0,C155,WAxNA_F12_YPD_T0_C155,WAxNA_F12_YPD_C,27.01161885
6738,6,60,ERS041905,Lys_264,,Saccharomyces cerevisiae,WAxNA,haploid,F12,,YPD,,0,C156,WAxNA_F12_YPD_T0_C156,WAxNA_F12_YPD_C,28.74124473
6738,6,61,ERS041906,Lys_265,,Saccharomyces cerevisiae,WAxNA,haploid,F12,,YPD,,0,C157,WAxNA_F12_YPD_T0_C157,WAxNA_F12_YPD_C,25.24611245
6738,6,62,ERS041907,Lys_266,,Saccharomyces cerevisiae,WAxNA,haploid,F12,,YPD,,0,C158,WAxNA_F12_YPD_T0_C158,WAxNA_F12_YPD_C,26.79121821
6738,6,63,ERS041908,Lys_267,,Saccharomyces cerevisiae,WAxNA,haploid,F12,,YPD,,0,C159,WAxNA_F12_YPD_T0_C159,WAxNA_F12_YPD_C,24.49941661
6738,6,64,ERS041909,Lys_268,,Saccharomyces cerevisiae,WAxNA,haploid,F12,,YPD,,0,C160,WAxNA_F12_YPD_T0_C160,WAxNA_F12_YPD_C,23.60986143
6738,6,65,ERS041910,Lys_270,,Saccharomyces cerevisiae,WAxNA,haploid,F12,,YPD,,0,C161,WAxNA_F12_YPD_T0_C161,WAxNA_F12_YPD_C,24.22279031
6738,6,66,ERS041911,Lys_271,,Saccharomyces cerevisiae,WAxNA,haploid,F12,,YPD,,0,C162,WAxNA_F12_YPD_T0_C162,WAxNA_F12_YPD_C,9.061720706
6738,6,67,ERS041912,Lys_272,,Saccharomyces cerevisiae,WAxNA,haploid,F12,,YPD,,0,C163,WAxNA_F12_YPD_T0_C163,WAxNA_F12_YPD_C,22.80618059
6738,6,68,ERS041913,Lys_273,,Saccharomyces cerevisiae,WAxNA,haploid,F12,,YPD,,0,C164,WAxNA_F12_YPD_T0_C164,WAxNA_F12_YPD_C,23.5031075
6738,6,69,ERS041914,Lys_274,,Saccharomyces cerevisiae,WAxNA,haploid,F12,,YPD,,0,C165,WAxNA_F12_YPD_T0_C165,WAxNA_F12_YPD_C,23.83141256
6738,6,70,ERS041915,Lys_275,,Saccharomyces cerevisiae,WAxNA,haploid,F12,,YPD,,0,C166,WAxNA_F12_YPD_T0_C166,WAxNA_F12_YPD_C,25.76631394
6738,6,71,ERS041916,Lys_276,,Saccharomyces cerevisiae,WAxNA,haploid,F12,,YPD,,0,C167,WAxNA_F12_YPD_T0_C167,WAxNA_F12_YPD_C,22.44575272
6738,6,72,ERS041917,Lys_277,,Saccharomyces cerevisiae,WAxNA,haploid,F12,,YPD,,0,C168,WAxNA_F12_YPD_T0_C168,WAxNA_F12_YPD_C,24.66151648
6738,6,73,ERS041918,Lys_278,,Saccharomyces cerevisiae,WAxNA,haploid,F12,,YPD,,0,C169,WAxNA_F12_YPD_T0_C169,WAxNA_F12_YPD_C,24.52458541
6738,6,74,ERS041919,Lys_279,,Saccharomyces cerevisiae,WAxNA,haploid,F12,,YPD,,0,C170,WAxNA_F12_YPD_T0_C170,WAxNA_F12_YPD_C,29.02310123
6738,6,75,ERS041920,Lys_280,,Saccharomyces cerevisiae,WAxNA,haploid,F12,,YPD,,0,C171,WAxNA_F12_YPD_T0_C171,WAxNA_F12_YPD_C,24.33438095
6738,6,76,ERS041921,Lys_281,,Saccharomyces cerevisiae,WAxNA,haploid,F12,,YPD,,0,C172,WAxNA_F12_YPD_T0_C172,WAxNA_F12_YPD_C,27.70508701
6738,6,77,ERS041922,Lys_282,,Saccharomyces cerevisiae,WAxNA,haploid,F12,,YPD,,0,C173,WAxNA_F12_YPD_T0_C173,WAxNA_F12_YPD_C,23.61652618
6738,6,78,ERS041923,Lys_283,,Saccharomyces cerevisiae,WAxNA,haploid,F12,,YPD,,0,C174,WAxNA_F12_YPD_T0_C174,WAxNA_F12_YPD_C,22.45453743
6738,6,79,ERS041924,Lys_284,,Saccharomyces cerevisiae,WAxNA,haploid,F12,,YPD,,0,C175,WAxNA_F12_YPD_T0_C175,WAxNA_F12_YPD_C,23.46270616
6738,6,80,ERS041925,Lys_286,,Saccharomyces cerevisiae,WAxNA,haploid,F12,,YPD,,0,C176,WAxNA_F12_YPD_T0_C176,WAxNA_F12_YPD_C,26.68015494
6738,6,81,ERS041926,Lys_287,,Saccharomyces cerevisiae,WAxNA,haploid,F12,,YPD,,0,C177,WAxNA_F12_YPD_T0_C177,WAxNA_F12_YPD_C,23.22675811
6738,6,82,ERS041927,Lys_288,,Saccharomyces cerevisiae,WAxNA,haploid,F12,,YPD,,0,C178,WAxNA_F12_YPD_T0_C178,WAxNA_F12_YPD_C,27.1840481
6738,6,83,ERS041928,Lys_289,,Saccharomyces cerevisiae,WAxNA,haploid,F12,,YPD,,0,C179,WAxNA_F12_YPD_T0_C179,WAxNA_F12_YPD_C,23.50790653
6738,6,84,ERS041929,Lys_290,,Saccharomyces cerevisiae,WAxNA,haploid,F12,,YPD,,0,C180,WAxNA_F12_YPD_T0_C180,WAxNA_F12_YPD_C,24.52129278
6738,6,85,ERS041930,Lys_291,,Saccharomyces cerevisiae,WAxNA,haploid,F12,,YPD,,0,C181,WAxNA_F12_YPD_T0_C181,WAxNA_F12_YPD_C,23.97616385
6738,6,86,ERS041931,Lys_292,,Saccharomyces cerevisiae,WAxNA,haploid,F12,,YPD,,0,C182,WAxNA_F12_YPD_T0_C182,WAxNA_F12_YPD_C,25.34391889
6738,6,87,ERS041932,Lys_293,,Saccharomyces cerevisiae,WAxNA,haploid,F12,,YPD,,0,C183,WAxNA_F12_YPD_T0_C183,WAxNA_F12_YPD_C,23.5898654
6738,6,88,ERS041933,Lys_295,,Saccharomyces cerevisiae,WAxNA,haploid,F12,,YPD,,0,C184,WAxNA_F12_YPD_T0_C184,WAxNA_F12_YPD_C,20.41061615
6738,6,89,ERS041934,Lys_296,,Saccharomyces cerevisiae,WAxNA,haploid,F12,,YPD,,0,C185,WAxNA_F12_YPD_T0_C185,WAxNA_F12_YPD_C,22.25248769
6738,6,90,ERS041935,Lys_297,,Saccharomyces cerevisiae,WAxNA,haploid,F12,,YPD,,0,C186,WAxNA_F12_YPD_T0_C186,WAxNA_F12_YPD_C,25.83779182
6738,6,91,ERS041936,Lys_298,,Saccharomyces cerevisiae,WAxNA,haploid,F12,,YPD,,0,C187,WAxNA_F12_YPD_T0_C187,WAxNA_F12_YPD_C,24.60158927
6738,6,92,ERS041937,Lys_300,,Saccharomyces cerevisiae,WAxNA,haploid,F12,,YPD,,0,C188,WAxNA_F12_YPD_T0_C188,WAxNA_F12_YPD_C,21.22133134
6738,6,93,ERS041938,Lys_301,,Saccharomyces cerevisiae,WAxNA,haploid,F12,,YPD,,0,C189,WAxNA_F12_YPD_T0_C189,WAxNA_F12_YPD_C,22.70226301
6738,6,94,ERS041939,Lys_304,,Saccharomyces cerevisiae,WAxNA,haploid,F12,,YPD,,0,C190,WAxNA_F12_YPD_T0_C190,WAxNA_F12_YPD_C,26.05995663
6738,6,95,ERS041940,Lys_305,,Saccharomyces cerevisiae,WAxNA,haploid,F12,,YPD,,0,C191,WAxNA_F12_YPD_T0_C191,WAxNA_F12_YPD_C,25.03818167
6738,6,96,ERS041941,Lys_306,,Saccharomyces cerevisiae,WAxNA,haploid,F12,,YPD,,0,C192,WAxNA_F12_YPD_T0_C192,WAxNA_F12_YPD_C,28.61696134
8616,5,1,ERS169285,R1_MO_T0,,Saccharomyces cerevisiae,WAxNA,diploid,F12,1,YPD,1,0,,WAxNA_F12_1_YPD_1_T0,WAxNA_F12_1_YPD_1,46.33388989
8616,5,2,ERS169286,R2_MO_T0,,Saccharomyces cerevisiae,WAxNA,diploid,F12,2,YPD,1,0,,WAxNA_F12_2_YPD_1_T0,WAxNA_F12_2_YPD_1,55.8186031
8616,5,3,ERS169287,R1_MO_T2,,Saccharomyces cerevisiae,WAxNA,diploid,F12,1,YPD,1,2,,WAxNA_F12_1_YPD_1_T2,WAxNA_F12_1_YPD_1,54.2937254
8616,5,5,ERS169290,R1_RA_T2,,Saccharomyces cerevisiae,WAxNA,diploid,F12,1,RM,1,2,,WAxNA_F12_1_RM_1_T2,WAxNA_F12_1_RM_1,48.55534618
8616,5,6,ERS169291,R1_HU_T2,,Saccharomyces cerevisiae,WAxNA,diploid,F12,1,HU,1,2,,WAxNA_F12_1_HU_1_T2,WAxNA_F12_1_HU_1,43.2909551
8616,5,9,ERS169298,R2_MO_T2,,Saccharomyces cerevisiae,WAxNA,diploid,F12,2,YPD,1,2,,WAxNA_F12_2_YPD_1_T2,WAxNA_F12_2_YPD_1,49.00616537
8616,5,11,ERS169300,R2_RA_T2,,Saccharomyces cerevisiae,WAxNA,diploid,F12,2,RM,1,2,,WAxNA_F12_2_RM_1_T2,WAxNA_F12_2_RM_1,54.80918894
8616,5,12,ERS169301,R2_HU_T2,,Saccharomyces cerevisiae,WAxNA,diploid,F12,2,HU,1,2,,WAxNA_F12_2_HU_1_T2,WAxNA_F12_2_HU_1,48.91113989
8616,5,15,ERS169304,R1_MO_T4,,Saccharomyces cerevisiae,WAxNA,diploid,F12,1,YPD,1,4,,WAxNA_F12_1_YPD_1_T4,WAxNA_F12_1_YPD_1,45.73639547
8616,5,17,ERS169306,R1_RA_T4,,Saccharomyces cerevisiae,WAxNA,diploid,F12,1,RM,1,4,,WAxNA_F12_1_RM_1_T4,WAxNA_F12_1_RM_1,49.9530099
8616,5,18,ERS169307,R1_HU_T4,,Saccharomyces cerevisiae,WAxNA,diploid,F12,1,HU,1,4,,WAxNA_F12_1_HU_1_T4,WAxNA_F12_1_HU_1,41.4028403
8616,5,21,ERS169310,R2_MO_T4,,Saccharomyces cerevisiae,WAxNA,diploid,F12,2,YPD,1,4,,WAxNA_F12_2_YPD_1_T4,WAxNA_F12_2_YPD_1,57.00903488
8616,5,23,ERS169313,R2_RA_T4,,Saccharomyces cerevisiae,WAxNA,diploid,F12,2,RM,1,4,,WAxNA_F12_2_RM_1_T4,WAxNA_F12_2_RM_1,53.72734614
8616,5,24,ERS169314,R2_HU_T4,,Saccharomyces cerevisiae,WAxNA,diploid,F12,2,HU,1,4,,WAxNA_F12_2_HU_1_T4,WAxNA_F12_2_HU_1,48.26631983
8616,5,28,ERS169318,R1_RA_T8,,Saccharomyces cerevisiae,WAxNA,diploid,F12,1,RM,1,8,,WAxNA_F12_1_RM_1_T8,WAxNA_F12_1_RM_1,58.22515071
8616,5,29,ERS169319,R1_HU_T8,,Saccharomyces cerevisiae,WAxNA,diploid,F12,1,HU,1,8,,WAxNA_F12_1_HU_1_T8,WAxNA_F12_1_HU_1,40.80239016
8616,5,33,ERS169323,R2_RA_T8,,Saccharomyces cerevisiae,WAxNA,diploid,F12,2,RM,1,8,,WAxNA_F12_2_RM_1_T8,WAxNA_F12_2_RM_1,47.83086885
8616,5,34,ERS169324,R2_HU_T8,,Saccharomyces cerevisiae,WAxNA,diploid,F12,2,HU,1,8,,WAxNA_F12_2_HU_1_T8,WAxNA_F12_2_HU_1,38.22009691
8616,5,37,ERS169327,R1_MO_T16,,Saccharomyces cerevisiae,WAxNA,diploid,F12,1,YPD,1,16,,WAxNA_F12_1_YPD_1_T16,WAxNA_F12_1_YPD_1,38.79815208
8616,5,39,ERS169329,R1_RA_T16,,Saccharomyces cerevisiae,WAxNA,diploid,F12,1,RM,1,16,,WAxNA_F12_1_RM_1_T16,WAxNA_F12_1_RM_1,42.34990786
8616,5,40,ERS169330,R1_HU_T16,,Saccharomyces cerevisiae,WAxNA,diploid,F12,1,HU,1,16,,WAxNA_F12_1_HU_1_T16,WAxNA_F12_1_HU_1,47.81443442
8616,5,43,ERS169333,R2_MO_T16,,Saccharomyces cerevisiae,WAxNA,diploid,F12,2,YPD,1,16,,WAxNA_F12_2_YPD_1_T16,WAxNA_F12_2_YPD_1,47.44049284
8616,5,45,ERS169335,R2_RA_T16,,Saccharomyces cerevisiae,WAxNA,diploid,F12,2,RM,1,16,,WAxNA_F12_2_RM_1_T16,WAxNA_F12_2_RM_1,40.31283615
8616,5,46,ERS169336,R2_HU_T16,,Saccharomyces cerevisiae,WAxNA,diploid,F12,2,HU,1,16,,WAxNA_F12_2_HU_1_T16,WAxNA_F12_2_HU_1,39.22640153
8616,5,49,ERS169339,R1_MO_T32,,Saccharomyces cerevisiae,WAxNA,diploid,F12,1,YPD,1,32,,WAxNA_F12_1_YPD_1_T32,WAxNA_F12_1_YPD_1,44.17651558
8616,5,51,ERS169341,R1_RA_T32,,Saccharomyces cerevisiae,WAxNA,diploid,F12,1,RM,1,32,,WAxNA_F12_1_RM_1_T32,WAxNA_F12_1_RM_1,46.70081339
8616,5,52,ERS169342,R1_HU_T32,,Saccharomyces cerevisiae,WAxNA,diploid,F12,1,HU,1,32,,WAxNA_F12_1_HU_1_T32,WAxNA_F12_1_HU_1,42.00392017
8616,5,55,ERS169345,R2_MO_T32,,Saccharomyces cerevisiae,WAxNA,diploid,F12,2,YPD,1,32,,WAxNA_F12_2_YPD_1_T32,WAxNA_F12_2_YPD_1,45.4383375
8616,5,57,ERS169347,R2_RA_T32,,Saccharomyces cerevisiae,WAxNA,diploid,F12,2,RM,1,32,,WAxNA_F12_2_RM_1_T32,WAxNA_F12_2_RM_1,43.81380747
8616,5,58,ERS169348,R2_HU_T32,,Saccharomyces cerevisiae,WAxNA,diploid,F12,2,HU,1,32,,WAxNA_F12_2_HU_1_T32,WAxNA_F12_2_HU_1,44.40624926
8939,1,1,ERS169285,R1_MO_T0,,Saccharomyces cerevisiae,WAxNA,diploid,F12,1,YPD,1,0,,WAxNA_F12_1_YPD_1_T0,WAxNA_F12_1_YPD_1,48.47358239
8939,1,2,ERS169286,R2_MO_T0,,Saccharomyces cerevisiae,WAxNA,diploid,F12,2,YPD,1,0,,WAxNA_F12_2_YPD_1_T0,WAxNA_F12_2_YPD_1,59.14601663
8939,1,3,ERS169287,R1_MO_T2,,Saccharomyces cerevisiae,WAxNA,diploid,F12,1,YPD,1,2,,WAxNA_F12_1_YPD_1_T2,WAxNA_F12_1_YPD_1,57.26886947
8939,1,5,ERS169290,R1_RA_T2,,Saccharomyces cerevisiae,WAxNA,diploid,F12,1,RM,1,2,,WAxNA_F12_1_RM_1_T2,WAxNA_F12_1_RM_1,50.58279247
8939,1,6,ERS169291,R1_HU_T2,,Saccharomyces cerevisiae,WAxNA,diploid,F12,1,HU,1,2,,WAxNA_F12_1_HU_1_T2,WAxNA_F12_1_HU_1,46.35822907
8939,1,9,ERS169298,R2_MO_T2,,Saccharomyces cerevisiae,WAxNA,diploid,F12,2,YPD,1,2,,WAxNA_F12_2_YPD_1_T2,WAxNA_F12_2_YPD_1,51.21160591
8939,1,11,ERS169300,R2_RA_T2,,Saccharomyces cerevisiae,WAxNA,diploid,F12,2,RM,1,2,,WAxNA_F12_2_RM_1_T2,WAxNA_F12_2_RM_1,59.2524787
8939,1,12,ERS169301,R2_HU_T2,,Saccharomyces cerevisiae,WAxNA,diploid,F12,2,HU,1,2,,WAxNA_F12_2_HU_1_T2,WAxNA_F12_2_HU_1,51.91862473
8939,1,15,ERS169304,R1_MO_T4,,Saccharomyces cerevisiae,WAxNA,diploid,F12,1,YPD,1,4,,WAxNA_F12_1_YPD_1_T4,WAxNA_F12_1_YPD_1,47.82445424
8939,1,17,ERS169306,R1_RA_T4,,Saccharomyces cerevisiae,WAxNA,diploid,F12,1,RM,1,4,,WAxNA_F12_1_RM_1_T4,WAxNA_F12_1_RM_1,52.2494161
8939,1,18,ERS169307,R1_HU_T4,,Saccharomyces cerevisiae,WAxNA,diploid,F12,1,HU,1,4,,WAxNA_F12_1_HU_1_T4,WAxNA_F12_1_HU_1,44.83632854
8939,1,21,ERS169310,R2_MO_T4,,Saccharomyces cerevisiae,WAxNA,diploid,F12,2,YPD,1,4,,WAxNA_F12_2_YPD_1_T4,WAxNA_F12_2_YPD_1,59.21684588
8939,1,23,ERS169313,R2_RA_T4,,Saccharomyces cerevisiae,WAxNA,diploid,F12,2,RM,1,4,,WAxNA_F12_2_RM_1_T4,WAxNA_F12_2_RM_1,56.18841063
8939,1,24,ERS169314,R2_HU_T4,,Saccharomyces cerevisiae,WAxNA,diploid,F12,2,HU,1,4,,WAxNA_F12_2_HU_1_T4,WAxNA_F12_2_HU_1,52.80666583
8939,1,28,ERS169318,R1_RA_T8,,Saccharomyces cerevisiae,WAxNA,diploid,F12,1,RM,1,8,,WAxNA_F12_1_RM_1_T8,WAxNA_F12_1_RM_1,61.49725303
8939,1,29,ERS169319,R1_HU_T8,,Saccharomyces cerevisiae,WAxNA,diploid,F12,1,HU,1,8,,WAxNA_F12_1_HU_1_T8,WAxNA_F12_1_HU_1,44.6400846
8939,1,33,ERS169323,R2_RA_T8,,Saccharomyces cerevisiae,WAxNA,diploid,F12,2,RM,1,8,,WAxNA_F12_2_RM_1_T8,WAxNA_F12_2_RM_1,50.48375107
8939,1,34,ERS169324,R2_HU_T8,,Saccharomyces cerevisiae,WAxNA,diploid,F12,2,HU,1,8,,WAxNA_F12_2_HU_1_T8,WAxNA_F12_2_HU_1,41.85191777
8939,1,37,ERS169327,R1_MO_T16,,Saccharomyces cerevisiae,WAxNA,diploid,F12,1,YPD,1,16,,WAxNA_F12_1_YPD_1_T16,WAxNA_F12_1_YPD_1,41.53135509
8939,1,39,ERS169329,R1_RA_T16,,Saccharomyces cerevisiae,WAxNA,diploid,F12,1,RM,1,16,,WAxNA_F12_1_RM_1_T16,WAxNA_F12_1_RM_1,44.78148111
8939,1,40,ERS169330,R1_HU_T16,,Saccharomyces cerevisiae,WAxNA,diploid,F12,1,HU,1,16,,WAxNA_F12_1_HU_1_T16,WAxNA_F12_1_HU_1,51.79291177
8939,1,43,ERS169333,R2_MO_T16,,Saccharomyces cerevisiae,WAxNA,diploid,F12,2,YPD,1,16,,WAxNA_F12_2_YPD_1_T16,WAxNA_F12_2_YPD_1,51.86183822
8939,1,45,ERS169335,R2_RA_T16,,Saccharomyces cerevisiae,WAxNA,diploid,F12,2,RM,1,16,,WAxNA_F12_2_RM_1_T16,WAxNA_F12_2_RM_1,43.35169763
8939,1,46,ERS169336,R2_HU_T16,,Saccharomyces cerevisiae,WAxNA,diploid,F12,2,HU,1,16,,WAxNA_F12_2_HU_1_T16,WAxNA_F12_2_HU_1,43.03907476
8939,1,49,ERS169339,R1_MO_T32,,Saccharomyces cerevisiae,WAxNA,diploid,F12,1,YPD,1,32,,WAxNA_F12_1_YPD_1_T32,WAxNA_F12_1_YPD_1,47.31493675
8939,1,51,ERS169341,R1_RA_T32,,Saccharomyces cerevisiae,WAxNA,diploid,F12,1,RM,1,32,,WAxNA_F12_1_RM_1_T32,WAxNA_F12_1_RM_1,49.62542467
8939,1,52,ERS169342,R1_HU_T32,,Saccharomyces cerevisiae,WAxNA,diploid,F12,1,HU,1,32,,WAxNA_F12_1_HU_1_T32,WAxNA_F12_1_HU_1,45.27037482
8939,1,55,ERS169345,R2_MO_T32,,Saccharomyces cerevisiae,WAxNA,diploid,F12,2,YPD,1,32,,WAxNA_F12_2_YPD_1_T32,WAxNA_F12_2_YPD_1,48.48837652
8939,1,57,ERS169347,R2_RA_T32,,Saccharomyces cerevisiae,WAxNA,diploid,F12,2,RM,1,32,,WAxNA_F12_2_RM_1_T32,WAxNA_F12_2_RM_1,46.68641605
8939,1,58,ERS169348,R2_HU_T32,,Saccharomyces cerevisiae,WAxNA,diploid,F12,2,HU,1,32,,WAxNA_F12_2_HU_1_T32,WAxNA_F12_2_HU_1,47.80129308
11822,2,56,ERS364008,2787STDY5607071,,Saccharomyces cerevisiae,WAxNA,diploid,F12,2,YPD,2,0,,WAxNA_F12_2_YPD_2_T0,WAxNA_F12_2_YPD_2,102.8480537
11822,2,57,ERS364014,2787STDY5607077,,Saccharomyces cerevisiae,WAxNA,diploid,F12,2,HU,3,2,,WAxNA_F12_2_HU_3_T2,WAxNA_F12_2_HU_3,88.81117326
11822,2,58,ERS364022,2787STDY5607085,,Saccharomyces cerevisiae,WAxNA,diploid,F12,2,HU,3,4,,WAxNA_F12_2_HU_3_T4,WAxNA_F12_2_HU_3,80.46228847
11822,2,59,ERS364030,2787STDY5607093,,Saccharomyces cerevisiae,WAxNA,diploid,F12,2,HU,3,8,,WAxNA_F12_2_HU_3_T8,WAxNA_F12_2_HU_3,83.94965036
11822,2,60,ERS364033,2787STDY5607096,,Saccharomyces cerevisiae,WAxNA,diploid,F12,1,RM,3,16,,WAxNA_F12_1_RM_3_T16,WAxNA_F12_1_RM_3,93.68847657
11822,2,61,ERS364034,2787STDY5607097,,Saccharomyces cerevisiae,WAxNA,diploid,F12,1,RM,4,16,,WAxNA_F12_1_RM_4_T16,WAxNA_F12_1_RM_4,97.12492139
11822,2,62,ERS364035,2787STDY5607098,,Saccharomyces cerevisiae,WAxNA,diploid,F12,2,RM,3,16,,WAxNA_F12_2_RM_3_T16,WAxNA_F12_2_RM_3,98.09275999
11822,2,63,ERS364036,2787STDY5607099,,Saccharomyces cerevisiae,WAxNA,diploid,F12,2,RM,4,16,,WAxNA_F12_2_RM_4_T16,WAxNA_F12_2_RM_4,91.67106984
11822,2,66,ERS364041,2787STDY5607104,,Saccharomyces cerevisiae,WAxNA,diploid,F12,1,RM,3,32,,WAxNA_F12_1_RM_3_T32,WAxNA_F12_1_RM_3,90.30257941
11822,2,67,ERS364042,2787STDY5607105,,Saccharomyces cerevisiae,WAxNA,diploid,F12,1,RM,4,32,,WAxNA_F12_1_RM_4_T32,WAxNA_F12_1_RM_4,91.27004637
11822,2,68,ERS364043,2787STDY5607106,,Saccharomyces cerevisiae,WAxNA,diploid,F12,2,RM,3,32,,WAxNA_F12_2_RM_3_T32,WAxNA_F12_2_RM_3,92.88365596
11822,2,69,ERS364044,2787STDY5607107,,Saccharomyces cerevisiae,WAxNA,diploid,F12,2,RM,4,32,,WAxNA_F12_2_RM_4_T32,WAxNA_F12_2_RM_4,90.1808979
11822,2,70,ERS364045,2787STDY5607108,,Saccharomyces cerevisiae,WAxNA,diploid,F12,1,HU,3,32,,WAxNA_F12_1_HU_3_T32,WAxNA_F12_1_HU_3,82.26473339
11822,2,71,ERS364046,2787STDY5607109,,Saccharomyces cerevisiae,WAxNA,diploid,F12,2,HU,3,32,,WAxNA_F12_2_HU_3_T32,WAxNA_F12_2_HU_3,82.31518058
11822,2,74,ERS364063,2787STDY5607126,,Saccharomyces cerevisiae,WAxNA,diploid,F12,1,RM,2,16,,WAxNA_F12_1_RM_2_T16,WAxNA_F12_1_RM_2,89.04430334
11822,2,75,ERS364064,2787STDY5607127,,Saccharomyces cerevisiae,WAxNA,diploid,F12,2,RM,2,16,,WAxNA_F12_2_RM_2_T16,WAxNA_F12_2_RM_2,94.54397372
11822,2,76,ERS364065,2787STDY5607128,,Saccharomyces cerevisiae,WAxNA,diploid,F12,1,HU,2,16,,WAxNA_F12_1_HU_2_T16,WAxNA_F12_1_HU_2,90.90065487
11822,2,77,ERS364066,2787STDY5607129,,Saccharomyces cerevisiae,WAxNA,diploid,F12,2,HU,2,16,,WAxNA_F12_2_HU_2_T16,WAxNA_F12_2_HU_2,81.95757067
11822,2,78,ERS364067,2787STDY5607130,,Saccharomyces cerevisiae,WAxNA,diploid,F12,1,RM,2,32,,WAxNA_F12_1_RM_2_T32,WAxNA_F12_1_RM_2,95.48565292
11822,2,79,ERS364068,2787STDY5607131,,Saccharomyces cerevisiae,WAxNA,diploid,F12,2,RM,2,32,,WAxNA_F12_2_RM_2_T32,WAxNA_F12_2_RM_2,96.05778878
11822,2,80,ERS364070,2787STDY5607133,,Saccharomyces cerevisiae,WAxNA,diploid,F12,2,HU,2,32,,WAxNA_F12_2_HU_2_T32,WAxNA_F12_2_HU_2,88.45828615
11822,2,81,ERS364071,2787STDY5607134,,Saccharomyces cerevisiae,WAxNA,diploid,F2,1,YPD,1,0,,WAxNA_F2_1_YPD_1_T0,WAxNA_F2_1_YPD_1,115.4558908
11822,2,82,ERS364078,2787STDY5607141,,Saccharomyces cerevisiae,WAxNA,diploid,F2,1,RM,1,16,,WAxNA_F2_1_RM_1_T16,WAxNA_F2_1_RM_1,96.26031687
11822,2,83,ERS364079,2787STDY5607142,,Saccharomyces cerevisiae,WAxNA,diploid,F2,2,RM,1,16,,WAxNA_F2_2_RM_1_T16,WAxNA_F2_2_RM_1,96.02232727
11822,2,84,ERS364080,2787STDY5607143,,Saccharomyces cerevisiae,WAxNA,diploid,F2,1,RM,1,32,,WAxNA_F2_1_RM_1_T32,WAxNA_F2_1_RM_1,96.6425435
11822,2,85,ERS364081,2787STDY5607144,,Saccharomyces cerevisiae,WAxNA,diploid,F2,2,RM,1,32,,WAxNA_F2_2_RM_1_T32,WAxNA_F2_2_RM_1,97.53791633
11823,1,1,ERS364007,2787STDY5607070,,Saccharomyces cerevisiae,WAxNA,diploid,F12,1,YPD,2,0,,WAxNA_F12_1_YPD_2_T0,WAxNA_F12_1_YPD_2,36.06414573
11823,1,2,ERS364009,2787STDY5607072,,Saccharomyces cerevisiae,WAxNA,diploid,F12,1,RM,3,2,,WAxNA_F12_1_RM_3_T2,WAxNA_F12_1_RM_3,35.29248133
11823,1,3,ERS364010,2787STDY5607073,,Saccharomyces cerevisiae,WAxNA,diploid,F12,1,RM,4,2,,WAxNA_F12_1_RM_4_T2,WAxNA_F12_1_RM_4,37.3550883
11823,1,4,ERS364011,2787STDY5607074,,Saccharomyces cerevisiae,WAxNA,diploid,F12,2,RM,3,2,,WAxNA_F12_2_RM_3_T2,WAxNA_F12_2_RM_3,35.04212295
11823,1,5,ERS364012,2787STDY5607075,,Saccharomyces cerevisiae,WAxNA,diploid,F12,2,RM,4,2,,WAxNA_F12_2_RM_4_T2,WAxNA_F12_2_RM_4,36.19174645
11823,1,6,ERS364013,2787STDY5607076,,Saccharomyces cerevisiae,WAxNA,diploid,F12,1,HU,3,2,,WAxNA_F12_1_HU_3_T2,WAxNA_F12_1_HU_3,33.04415899
11823,1,9,ERS364017,2787STDY5607080,,Saccharomyces cerevisiae,WAxNA,diploid,F12,1,RM,3,4,,WAxNA_F12_1_RM_3_T4,WAxNA_F12_1_RM_3,30.74278524
11823,1,10,ERS364018,2787STDY5607081,,Saccharomyces cerevisiae,WAxNA,diploid,F12,1,RM,4,4,,WAxNA_F12_1_RM_4_T4,WAxNA_F12_1_RM_4,27.64317423
11823,1,11,ERS364019,2787STDY5607082,,Saccharomyces cerevisiae,WAxNA,diploid,F12,2,RM,3,4,,WAxNA_F12_2_RM_3_T4,WAxNA_F12_2_RM_3,31.68769609
11823,1,12,ERS364020,2787STDY5607083,,Saccharomyces cerevisiae,WAxNA,diploid,F12,2,RM,4,4,,WAxNA_F12_2_RM_4_T4,WAxNA_F12_2_RM_4,28.68785342
11823,1,13,ERS364021,2787STDY5607084,,Saccharomyces cerevisiae,WAxNA,diploid,F12,1,HU,3,4,,WAxNA_F12_1_HU_3_T4,WAxNA_F12_1_HU_3,26.85233766
11823,1,16,ERS364025,2787STDY5607088,,Saccharomyces cerevisiae,WAxNA,diploid,F12,1,RM,3,8,,WAxNA_F12_1_RM_3_T8,WAxNA_F12_1_RM_3,28.35540007
11823,1,17,ERS364026,2787STDY5607089,,Saccharomyces cerevisiae,WAxNA,diploid,F12,1,RM,4,8,,WAxNA_F12_1_RM_4_T8,WAxNA_F12_1_RM_4,27.99097703
11823,1,18,ERS364027,2787STDY5607090,,Saccharomyces cerevisiae,WAxNA,diploid,F12,2,RM,3,8,,WAxNA_F12_2_RM_3_T8,WAxNA_F12_2_RM_3,26.69936307
11823,1,19,ERS364028,2787STDY5607091,,Saccharomyces cerevisiae,WAxNA,diploid,F12,2,RM,4,8,,WAxNA_F12_2_RM_4_T8,WAxNA_F12_2_RM_4,27.35229394
11823,1,20,ERS364029,2787STDY5607092,,Saccharomyces cerevisiae,WAxNA,diploid,F12,1,HU,3,8,,WAxNA_F12_1_HU_3_T8,WAxNA_F12_1_HU_3,26.43696193
11823,1,23,ERS364049,2787STDY5607112,,Saccharomyces cerevisiae,WAxNA,diploid,F12,1,YPD,2,32,,WAxNA_F12_1_YPD_2_T32,WAxNA_F12_1_YPD_2,29.92335393
11823,1,24,ERS364050,2787STDY5607113,,Saccharomyces cerevisiae,WAxNA,diploid,F12,2,YPD,2,32,,WAxNA_F12_2_YPD_2_T32,WAxNA_F12_2_YPD_2,29.00802251
11823,1,25,ERS364051,2787STDY5607114,,Saccharomyces cerevisiae,WAxNA,diploid,F12,1,RM,2,2,,WAxNA_F12_1_RM_2_T2,WAxNA_F12_1_RM_2,26.44443922
11823,1,26,ERS364052,2787STDY5607115,,Saccharomyces cerevisiae,WAxNA,diploid,F12,2,RM,2,2,,WAxNA_F12_2_RM_2_T2,WAxNA_F12_2_RM_2,28.22176355
11823,1,27,ERS364053,2787STDY5607116,,Saccharomyces cerevisiae,WAxNA,diploid,F12,1,HU,2,2,,WAxNA_F12_1_HU_2_T2,WAxNA_F12_1_HU_2,29.23610526
11823,1,28,ERS364054,2787STDY5607117,,Saccharomyces cerevisiae,WAxNA,diploid,F12,2,HU,2,2,,WAxNA_F12_2_HU_2_T2,WAxNA_F12_2_HU_2,30.89837978
11823,1,29,ERS364055,2787STDY5607118,,Saccharomyces cerevisiae,WAxNA,diploid,F12,1,RM,2,4,,WAxNA_F12_1_RM_2_T4,WAxNA_F12_1_RM_2,29.33426616
11823,1,30,ERS364056,2787STDY5607119,,Saccharomyces cerevisiae,WAxNA,diploid,F12,2,RM,2,4,,WAxNA_F12_2_RM_2_T4,WAxNA_F12_2_RM_2,28.00871148
11823,1,31,ERS364057,2787STDY5607120,,Saccharomyces cerevisiae,WAxNA,diploid,F12,1,HU,2,4,,WAxNA_F12_1_HU_2_T4,WAxNA_F12_1_HU_2,24.46348913
11823,1,32,ERS364058,2787STDY5607121,,Saccharomyces cerevisiae,WAxNA,diploid,F12,2,HU,2,4,,WAxNA_F12_2_HU_2_T4,WAxNA_F12_2_HU_2,27.3584796
11823,1,33,ERS364059,2787STDY5607122,,Saccharomyces cerevisiae,WAxNA,diploid,F12,1,RM,2,8,,WAxNA_F12_1_RM_2_T8,WAxNA_F12_1_RM_2,26.7823655
11823,1,34,ERS364060,2787STDY5607123,,Saccharomyces cerevisiae,WAxNA,diploid,F12,2,RM,2,8,,WAxNA_F12_2_RM_2_T8,WAxNA_F12_2_RM_2,27.46648904
11823,1,35,ERS364061,2787STDY5607124,,Saccharomyces cerevisiae,WAxNA,diploid,F12,1,HU,2,8,,WAxNA_F12_1_HU_2_T8,WAxNA_F12_1_HU_2,30.31708033
11823,1,36,ERS364062,2787STDY5607125,,Saccharomyces cerevisiae,WAxNA,diploid,F12,2,HU,2,8,,WAxNA_F12_2_HU_2_T8,WAxNA_F12_2_HU_2,28.18406545
11823,1,37,ERS364072,2787STDY5607135,,Saccharomyces cerevisiae,WAxNA,diploid,F2,1,RM,1,2,,WAxNA_F2_1_RM_1_T2,WAxNA_F2_1_RM_1,29.48731092
11823,1,38,ERS364073,2787STDY5607136,,Saccharomyces cerevisiae,WAxNA,diploid,F2,2,RM,1,2,,WAxNA_F2_2_RM_1_T2,WAxNA_F2_2_RM_1,29.60027616
11823,1,39,ERS364074,2787STDY5607137,,Saccharomyces cerevisiae,WAxNA,diploid,F2,1,RM,1,4,,WAxNA_F2_1_RM_1_T4,WAxNA_F2_1_RM_1,28.28319519
11823,1,40,ERS364075,2787STDY5607138,,Saccharomyces cerevisiae,WAxNA,diploid,F2,2,RM,1,4,,WAxNA_F2_2_RM_1_T4,WAxNA_F2_2_RM_1,29.39238006
11823,1,41,ERS364076,2787STDY5607139,,Saccharomyces cerevisiae,WAxNA,diploid,F2,1,RM,1,8,,WAxNA_F2_1_RM_1_T8,WAxNA_F2_1_RM_1,26.35672246
11823,1,42,ERS364077,2787STDY5607140,,Saccharomyces cerevisiae,WAxNA,diploid,F2,2,RM,1,8,,WAxNA_F2_2_RM_1_T8,WAxNA_F2_2_RM_1,30.71835452
11823,1,43,ERS364082,2787STDY5607145,,Saccharomyces cerevisiae,WAxNA,diploid,F2,1,YPD,1,32,,WAxNA_F2_1_YPD_1_T32,WAxNA_F2_1_YPD_1,27.95126493
11823,1,44,ERS364083,2787STDY5607146,YGL1309,Saccharomyces cerevisiae,WAxNA,diploid,F12,1,RM,1,32,C1,WAxNA_F12_1_RM_1_T32_C1,WAxNA_F12_1_RM_1_C,28.26667688
11823,1,45,ERS364084,2787STDY5607147,YGL1312,Saccharomyces cerevisiae,WAxNA,diploid,F12,1,RM,1,32,C2,WAxNA_F12_1_RM_1_T32_C2,WAxNA_F12_1_RM_1_C,31.31033463
11823,1,46,ERS364085,2787STDY5607148,YGL1315,Saccharomyces cerevisiae,WAxNA,diploid,F12,1,RM,1,32,C3,WAxNA_F12_1_RM_1_T32_C3,WAxNA_F12_1_RM_1_C,31.15550067
11823,1,47,ERS364086,2787STDY5607149,YGL1327,Saccharomyces cerevisiae,WAxNA,diploid,F12,1,HU,1,32,C1,WAxNA_F12_1_HU_1_T32_C1,WAxNA_F12_1_HU_1_C,28.79503212
11823,1,48,ERS364087,2787STDY5607150,YGL1330,Saccharomyces cerevisiae,WAxNA,diploid,F12,1,HU,1,32,C2,WAxNA_F12_1_HU_1_T32_C2,WAxNA_F12_1_HU_1_C,27.11630729
11823,1,49,ERS364088,2787STDY5607151,YGL1318,Saccharomyces cerevisiae,WAxNA,diploid,F12,2,RM,1,32,C1,WAxNA_F12_2_RM_1_T32_C1,WAxNA_F12_2_RM_1_C,30.8576195
11823,1,50,ERS364089,2787STDY5607152,YGL1321,Saccharomyces cerevisiae,WAxNA,diploid,F12,2,RM,1,32,C2,WAxNA_F12_2_RM_1_T32_C2,WAxNA_F12_2_RM_1_C,29.97921464
11823,1,51,ERS364090,2787STDY5607153,YGL1324,Saccharomyces cerevisiae,WAxNA,diploid,F12,2,RM,1,32,C3,WAxNA_F12_2_RM_1_T32_C3,WAxNA_F12_2_RM_1_C,29.07910283
11823,1,52,ERS364091,2787STDY5607154,YGL1333,Saccharomyces cerevisiae,WAxNA,diploid,F12,2,HU,1,32,C1,WAxNA_F12_2_HU_1_T32_C1,WAxNA_F12_2_HU_1_C,32.32427458
11823,1,53,ERS364092,2787STDY5607155,YGL1336,Saccharomyces cerevisiae,WAxNA,diploid,F12,2,HU,1,32,C2,WAxNA_F12_2_HU_1_T32_C2,WAxNA_F12_2_HU_1_C,28.41577477
11823,1,58,ERS364098,2787STDY5607161,YGL1421,Saccharomyces cerevisiae,WAxNA,diploid,F12,1,RM,2,32,C1,WAxNA_F12_1_RM_2_T32_C1,WAxNA_F12_1_RM_2_C,27.72773903
11823,1,59,ERS364099,2787STDY5607162,YGL1422,Saccharomyces cerevisiae,WAxNA,diploid,F12,1,RM,2,32,C2,WAxNA_F12_1_RM_2_T32_C2,WAxNA_F12_1_RM_2_C,29.40371468
11823,1,60,ERS364100,2787STDY5607163,YGL1423,Saccharomyces cerevisiae,WAxNA,diploid,F12,2,RM,2,32,C1,WAxNA_F12_2_RM_2_T32_C1,WAxNA_F12_2_RM_2_C,30.46564426
11823,1,61,ERS364101,2787STDY5607164,YGL1424,Saccharomyces cerevisiae,WAxNA,diploid,F12,2,RM,2,32,C2,WAxNA_F12_2_RM_2_T32_C2,WAxNA_F12_2_RM_2_C,30.48401559
11823,1,62,ERS364102,2787STDY5607165,YGL1425,Saccharomyces cerevisiae,WAxNA,diploid,F12,1,RM,2,32,C3,WAxNA_F12_1_RM_2_T32_C3,WAxNA_F12_1_RM_2_C,28.18535479
11823,1,63,ERS364248,2787STDY5623198,YGL1426,Saccharomyces cerevisiae,WAxNA,diploid,F12,1,RM,2,32,C4,WAxNA_F12_1_RM_2_T32_C4,WAxNA_F12_1_RM_2_C,29.31039575
11823,1,64,ERS364249,2787STDY5623199,YGL1427,Saccharomyces cerevisiae,WAxNA,diploid,F12,1,RM,2,32,C5,WAxNA_F12_1_RM_2_T32_C5,WAxNA_F12_1_RM_2_C,27.45992013
11823,1,65,ERS364250,2787STDY5623200,YGL1428,Saccharomyces cerevisiae,WAxNA,diploid,F12,1,RM,2,32,C6,WAxNA_F12_1_RM_2_T32_C6,WAxNA_F12_1_RM_2_C,31.49509399
11823,1,66,ERS364251,2787STDY5623201,YGL1429,Saccharomyces cerevisiae,WAxNA,diploid,F12,2,RM,2,32,C3,WAxNA_F12_2_RM_2_T32_C3,WAxNA_F12_2_RM_2_C,31.11516427
11823,1,67,ERS364252,2787STDY5623202,YGL1430,Saccharomyces cerevisiae,WAxNA,diploid,F12,2,RM,2,32,C4,WAxNA_F12_2_RM_2_T32_C4,WAxNA_F12_2_RM_2_C,32.75085541
11823,1,68,ERS364254,2787STDY5623204,YGL1432,Saccharomyces cerevisiae,WAxNA,diploid,F12,2,RM,2,32,C5,WAxNA_F12_2_RM_2_T32_C5,WAxNA_F12_2_RM_2_C,30.73789225
11823,1,69,ERS364255,2787STDY5623205,YGL1433,Saccharomyces cerevisiae,WAxNA,diploid,F12,1,HU,2,32,C1,WAxNA_F12_1_HU_2_T32_C1,WAxNA_F12_1_HU_2_C,28.99357581
11823,1,70,ERS364256,2787STDY5623206,YGL1434,Saccharomyces cerevisiae,WAxNA,diploid,F12,1,HU,2,32,C2,WAxNA_F12_1_HU_2_T32_C2,WAxNA_F12_1_HU_2_C,28.71977172
11823,1,71,ERS364257,2787STDY5623207,YGL1435,Saccharomyces cerevisiae,WAxNA,diploid,F12,2,HU,2,32,C1,WAxNA_F12_2_HU_2_T32_C1,WAxNA_F12_2_HU_2_C,28.47155515
11823,1,72,ERS364258,2787STDY5623208,YGL1436,Saccharomyces cerevisiae,WAxNA,diploid,F12,2,HU,2,32,C2,WAxNA_F12_2_HU_2_T32_C2,WAxNA_F12_2_HU_2_C,26.06093639
11823,1,73,ERS364259,2787STDY5623209,YGL1437,Saccharomyces cerevisiae,WAxNA,diploid,F12,2,HU,2,32,C3,WAxNA_F12_2_HU_2_T32_C3,WAxNA_F12_2_HU_2_C,33.56417371
11823,1,74,ERS364260,2787STDY5623210,YGL1438,Saccharomyces cerevisiae,WAxNA,diploid,F12,2,HU,2,32,C4,WAxNA_F12_2_HU_2_T32_C4,WAxNA_F12_2_HU_2_C,33.57553601
11823,1,75,ERS364261,2787STDY5623211,YGL1439,Saccharomyces cerevisiae,WAxNA,diploid,F12,1,RM,3,32,C1,WAxNA_F12_1_RM_3_T32_C1,WAxNA_F12_1_RM_3_C,31.83883369
11823,1,76,ERS364262,2787STDY5623212,YGL1440,Saccharomyces cerevisiae,WAxNA,diploid,F12,1,RM,3,32,C2,WAxNA_F12_1_RM_3_T32_C2,WAxNA_F12_1_RM_3_C,35.78953561
11823,1,77,ERS364263,2787STDY5623213,YGL1441,Saccharomyces cerevisiae,WAxNA,diploid,F12,1,RM,3,32,C3,WAxNA_F12_1_RM_3_T32_C3,WAxNA_F12_1_RM_3_C,28.34073876
11823,1,78,ERS364264,2787STDY5623214,YGL1442,Saccharomyces cerevisiae,WAxNA,diploid,F12,2,RM,3,32,C1,WAxNA_F12_2_RM_3_T32_C1,WAxNA_F12_2_RM_3_C,26.11740777
11823,1,79,ERS364265,2787STDY5623215,YGL1443,Saccharomyces cerevisiae,WAxNA,diploid,F12,1,HU,3,32,C1,WAxNA_F12_1_HU_3_T32_C1,WAxNA_F12_1_HU_3_C,31.6474298
11823,1,80,ERS364266,2787STDY5623216,YGL1444,Saccharomyces cerevisiae,WAxNA,diploid,F12,1,HU,3,32,C2,WAxNA_F12_1_HU_3_T32_C2,WAxNA_F12_1_HU_3_C,28.48340333
11823,1,81,ERS364267,2787STDY5623217,YGL1445,Saccharomyces cerevisiae,WAxNA,diploid,F12,1,HU,3,32,C3,WAxNA_F12_1_HU_3_T32_C3,WAxNA_F12_1_HU_3_C,35.99339477
11823,1,82,ERS364268,2787STDY5623218,YGL1446,Saccharomyces cerevisiae,WAxNA,diploid,F12,1,HU,3,32,C4,WAxNA_F12_1_HU_3_T32_C4,WAxNA_F12_1_HU_3_C,36.00842818
11823,1,83,ERS364269,2787STDY5623219,YGL1447,Saccharomyces cerevisiae,WAxNA,diploid,F12,1,HU,3,32,C5,WAxNA_F12_1_HU_3_T32_C5,WAxNA_F12_1_HU_3_C,30.2972968
11823,1,84,ERS364270,2787STDY5623220,YGL1448,Saccharomyces cerevisiae,WAxNA,diploid,F12,1,HU,3,32,C6,WAxNA_F12_1_HU_3_T32_C6,WAxNA_F12_1_HU_3_C,34.53711067
11823,1,85,ERS364271,2787STDY5623221,YGL1449,Saccharomyces cerevisiae,WAxNA,diploid,F12,2,HU,3,32,C1,WAxNA_F12_2_HU_3_T32_C1,WAxNA_F12_2_HU_3_C,32.96417413
11823,1,86,ERS364273,2787STDY5623223,YGL1451,Saccharomyces cerevisiae,WAxNA,diploid,F12,2,HU,3,32,C2,WAxNA_F12_2_HU_3_T32_C2,WAxNA_F12_2_HU_3_C,32.95967353
11823,1,87,ERS364274,2787STDY5623224,YGL1452,Saccharomyces cerevisiae,WAxNA,diploid,F12,2,HU,3,32,C3,WAxNA_F12_2_HU_3_T32_C3,WAxNA_F12_2_HU_3_C,28.77325645
11823,1,88,ERS364275,2787STDY5623225,YGL1453,Saccharomyces cerevisiae,WAxNA,diploid,F12,2,HU,3,32,C4,WAxNA_F12_2_HU_3_T32_C4,WAxNA_F12_2_HU_3_C,27.51573073
11823,1,89,ERS364276,2787STDY5623226,YGL1454,Saccharomyces cerevisiae,WAxNA,diploid,F12,2,HU,3,32,C5,WAxNA_F12_2_HU_3_T32_C5,WAxNA_F12_2_HU_3_C,32.60583255
11823,1,90,ERS369975,2787STDY5644702,,Saccharomyces cerevisiae,WAxNA,diploid,F12,1,HU,3,16,,WAxNA_F12_1_HU_3_T16,WAxNA_F12_1_HU_3,33.13384035
11823,1,91,ERS369976,2787STDY5644703,,Saccharomyces cerevisiae,WAxNA,diploid,F12,2,HU,3,16,,WAxNA_F12_2_HU_3_T16,WAxNA_F12_2_HU_3,31.81081963
11823,1,92,ERS369977,2787STDY5644704,,Saccharomyces cerevisiae,WAxNA,diploid,F12,1,HU,2,32,,WAxNA_F12_1_HU_2_T32,WAxNA_F12_1_HU_2,30.46550655
11823,1,94,ERS369979,2787STDY5644706,YGL1431,Saccharomyces cerevisiae,WAxNA,diploid,F12,2,RM,2,32,C6,WAxNA_F12_2_RM_2_T32_C6,WAxNA_F12_2_RM_2_C,31.43407055
11823,1,95,ERS369980,2787STDY5644707,YGL1450,Saccharomyces cerevisiae,WAxNA,diploid,F12,2,HU,3,32,C6,WAxNA_F12_2_HU_3_T32_C6,WAxNA_F12_2_HU_3_C,30.27708734
14893,4,1,ERS364009,2787STDY5607072,,Saccharomyces cerevisiae,WAxNA,diploid,F12,1,RM,3,2,,WAxNA_F12_1_RM_3_T2,WAxNA_F12_1_RM_3,95.076923
14893,4,2,ERS364010,2787STDY5607073,,Saccharomyces cerevisiae,WAxNA,diploid,F12,1,RM,4,2,,WAxNA_F12_1_RM_4_T2,WAxNA_F12_1_RM_4,103.3885389
14893,4,3,ERS364011,2787STDY5607074,,Saccharomyces cerevisiae,WAxNA,diploid,F12,2,RM,3,2,,WAxNA_F12_2_RM_3_T2,WAxNA_F12_2_RM_3,115.0534625
14893,4,4,ERS364012,2787STDY5607075,,Saccharomyces cerevisiae,WAxNA,diploid,F12,2,RM,4,2,,WAxNA_F12_2_RM_4_T2,WAxNA_F12_2_RM_4,106.7568052
14893,4,5,ERS364013,2787STDY5607076,,Saccharomyces cerevisiae,WAxNA,diploid,F12,1,HU,3,2,,WAxNA_F12_1_HU_3_T2,WAxNA_F12_1_HU_3,105.0928733
14893,4,6,ERS364017,2787STDY5607080,,Saccharomyces cerevisiae,WAxNA,diploid,F12,1,RM,3,4,,WAxNA_F12_1_RM_3_T4,WAxNA_F12_1_RM_3,107.3114166
14893,4,7,ERS364018,2787STDY5607081,,Saccharomyces cerevisiae,WAxNA,diploid,F12,1,RM,4,4,,WAxNA_F12_1_RM_4_T4,WAxNA_F12_1_RM_4,100.6801041
14893,4,8,ERS364019,2787STDY5607082,,Saccharomyces cerevisiae,WAxNA,diploid,F12,2,RM,3,4,,WAxNA_F12_2_RM_3_T4,WAxNA_F12_2_RM_3,96.1055002
14893,4,9,ERS364020,2787STDY5607083,,Saccharomyces cerevisiae,WAxNA,diploid,F12,2,RM,4,4,,WAxNA_F12_2_RM_4_T4,WAxNA_F12_2_RM_4,73.5566231
14893,4,10,ERS364021,2787STDY5607084,,Saccharomyces cerevisiae,WAxNA,diploid,F12,1,HU,3,4,,WAxNA_F12_1_HU_3_T4,WAxNA_F12_1_HU_3,67.27932613
14893,4,11,ERS364025,2787STDY5607088,,Saccharomyces cerevisiae,WAxNA,diploid,F12,1,RM,3,8,,WAxNA_F12_1_RM_3_T8,WAxNA_F12_1_RM_3,73.49863496
14893,4,12,ERS364026,2787STDY5607089,,Saccharomyces cerevisiae,WAxNA,diploid,F12,1,RM,4,8,,WAxNA_F12_1_RM_4_T8,WAxNA_F12_1_RM_4,79.92081117
14893,4,13,ERS364027,2787STDY5607090,,Saccharomyces cerevisiae,WAxNA,diploid,F12,2,RM,3,8,,WAxNA_F12_2_RM_3_T8,WAxNA_F12_2_RM_3,89.71029952
14893,4,14,ERS364028,2787STDY5607091,,Saccharomyces cerevisiae,WAxNA,diploid,F12,2,RM,4,8,,WAxNA_F12_2_RM_4_T8,WAxNA_F12_2_RM_4,84.6594431
14893,4,15,ERS364029,2787STDY5607092,,Saccharomyces cerevisiae,WAxNA,diploid,F12,1,HU,3,8,,WAxNA_F12_1_HU_3_T8,WAxNA_F12_1_HU_3,85.7187782
14893,4,16,ERS364051,2787STDY5607114,,Saccharomyces cerevisiae,WAxNA,diploid,F12,1,RM,2,2,,WAxNA_F12_1_RM_2_T2,WAxNA_F12_1_RM_2,89.60091284
14893,4,17,ERS364052,2787STDY5607115,,Saccharomyces cerevisiae,WAxNA,diploid,F12,2,RM,2,2,,WAxNA_F12_2_RM_2_T2,WAxNA_F12_2_RM_2,83.52676139
14893,4,18,ERS364053,2787STDY5607116,,Saccharomyces cerevisiae,WAxNA,diploid,F12,1,HU,2,2,,WAxNA_F12_1_HU_2_T2,WAxNA_F12_1_HU_2,74.24372383
14893,4,19,ERS364054,2787STDY5607117,,Saccharomyces cerevisiae,WAxNA,diploid,F12,2,HU,2,2,,WAxNA_F12_2_HU_2_T2,WAxNA_F12_2_HU_2,74.41489434
14893,4,20,ERS364055,2787STDY5607118,,Saccharomyces cerevisiae,WAxNA,diploid,F12,1,RM,2,4,,WAxNA_F12_1_RM_2_T4,WAxNA_F12_1_RM_2,82.38788701
14893,4,21,ERS364056,2787STDY5607119,,Saccharomyces cerevisiae,WAxNA,diploid,F12,2,RM,2,4,,WAxNA_F12_2_RM_2_T4,WAxNA_F12_2_RM_2,81.42644559
14893,4,22,ERS364057,2787STDY5607120,,Saccharomyces cerevisiae,WAxNA,diploid,F12,1,HU,2,4,,WAxNA_F12_1_HU_2_T4,WAxNA_F12_1_HU_2,79.64908165
14893,4,23,ERS364058,2787STDY5607121,,Saccharomyces cerevisiae,WAxNA,diploid,F12,2,HU,2,4,,WAxNA_F12_2_HU_2_T4,WAxNA_F12_2_HU_2,78.30213319
14893,4,24,ERS364059,2787STDY5607122,,Saccharomyces cerevisiae,WAxNA,diploid,F12,1,RM,2,8,,WAxNA_F12_1_RM_2_T8,WAxNA_F12_1_RM_2,79.610842
14893,4,25,ERS364060,2787STDY5607123,,Saccharomyces cerevisiae,WAxNA,diploid,F12,2,RM,2,8,,WAxNA_F12_2_RM_2_T8,WAxNA_F12_2_RM_2,78.28811381
14893,4,26,ERS364061,2787STDY5607124,,Saccharomyces cerevisiae,WAxNA,diploid,F12,1,HU,2,8,,WAxNA_F12_1_HU_2_T8,WAxNA_F12_1_HU_2,75.2494995
14893,4,27,ERS364062,2787STDY5607125,,Saccharomyces cerevisiae,WAxNA,diploid,F12,2,HU,2,8,,WAxNA_F12_2_HU_2_T8,WAxNA_F12_2_HU_2,69.03208322
14893,4,28,ERS364072,2787STDY5607135,,Saccharomyces cerevisiae,WAxNA,diploid,F2,1,RM,1,2,,WAxNA_F2_1_RM_1_T2,WAxNA_F2_1_RM_1,76.70186718
14893,4,29,ERS364073,2787STDY5607136,,Saccharomyces cerevisiae,WAxNA,diploid,F2,2,RM,1,2,,WAxNA_F2_2_RM_1_T2,WAxNA_F2_2_RM_1,70.78672849
14893,4,30,ERS364074,2787STDY5607137,,Saccharomyces cerevisiae,WAxNA,diploid,F2,1,RM,1,4,,WAxNA_F2_1_RM_1_T4,WAxNA_F2_1_RM_1,65.88898644
14893,4,31,ERS364075,2787STDY5607138,,Saccharomyces cerevisiae,WAxNA,diploid,F2,2,RM,1,4,,WAxNA_F2_2_RM_1_T4,WAxNA_F2_2_RM_1,74.05369871
14893,4,32,ERS364076,2787STDY5607139,,Saccharomyces cerevisiae,WAxNA,diploid,F2,1,RM,1,8,,WAxNA_F2_1_RM_1_T8,WAxNA_F2_1_RM_1,79.41047598
14893,4,33,ERS364077,2787STDY5607140,,Saccharomyces cerevisiae,WAxNA,diploid,F2,2,RM,1,8,,WAxNA_F2_2_RM_1_T8,WAxNA_F2_2_RM_1,79.81501924
14893,4,34,ERS369975,2787STDY5644702,,Saccharomyces cerevisiae,WAxNA,diploid,F12,1,HU,3,16,,WAxNA_F12_1_HU_3_T16,WAxNA_F12_1_HU_3,69.0949193
14893,4,35,ERS369976,2787STDY5644703,,Saccharomyces cerevisiae,WAxNA,diploid,F12,2,HU,3,16,,WAxNA_F12_2_HU_3_T16,WAxNA_F12_2_HU_3,72.74617366
14893,4,36,ERS369977,2787STDY5644704,,Saccharomyces cerevisiae,WAxNA,diploid,F12,1,HU,2,32,,WAxNA_F12_1_HU_2_T32,WAxNA_F12_1_HU_2,71.05958065
16356,5,9,ERS661882,2787STDY6029190,,Saccharomyces cerevisiae,WA,diploid,,,HU,1,2,,WA_HU_1_T2,WA_HU_1,34.72855034
16356,5,10,ERS661883,2787STDY6029191,,Saccharomyces cerevisiae,WA,diploid,,,HU,2,2,,WA_HU_2_T2,WA_HU_2,36.45993847
16356,5,15,ERS661888,2787STDY6029196,,Saccharomyces cerevisiae,NA,diploid,,,HU,1,2,,NA_HU_1_T2,NA_HU_1,46.96931514
16356,5,16,ERS661889,2787STDY6029197,,Saccharomyces cerevisiae,NA,diploid,,,HU,2,2,,NA_HU_2_T2,NA_HU_2,48.93539713
16356,5,25,ERS661898,2787STDY6029206,,Saccharomyces cerevisiae,WA,diploid,,,RM,1,2,,WA_RM_1_T2,WA_RM_1,39.79972671
16356,5,26,ERS661899,2787STDY6029207,,Saccharomyces cerevisiae,WA,diploid,,,RM,2,2,,WA_RM_2_T2,WA_RM_2,38.70001585
16356,5,31,ERS661904,2787STDY6029212,,Saccharomyces cerevisiae,NA,diploid,,,RM,1,2,,NA_RM_1_T2,NA_RM_1,42.37937171
16356,5,32,ERS661905,2787STDY6029213,,Saccharomyces cerevisiae,NA,diploid,,,RM,2,2,,NA_RM_2_T2,NA_RM_2,45.20713915
16356,5,45,ERS661918,2787STDY6029226,,Saccharomyces cerevisiae,WA,diploid,,,HU,1,4,,WA_HU_1_T4,WA_HU_1,27.14713317
16356,5,46,ERS661919,2787STDY6029227,,Saccharomyces cerevisiae,WA,diploid,,,HU,2,4,,WA_HU_2_T4,WA_HU_2,37.63865803
16356,5,51,ERS661924,2787STDY6029232,,Saccharomyces cerevisiae,NA,diploid,,,HU,1,4,,NA_HU_1_T4,NA_HU_1,39.97017416
16356,5,52,ERS661925,2787STDY6029233,,Saccharomyces cerevisiae,NA,diploid,,,HU,2,4,,NA_HU_2_T4,NA_HU_2,40.75636667
16356,5,61,ERS661934,2787STDY6029242,,Saccharomyces cerevisiae,WA,diploid,,,RM,1,4,,WA_RM_1_T4,WA_RM_1,35.43925042
16356,5,62,ERS661935,2787STDY6029243,,Saccharomyces cerevisiae,WA,diploid,,,RM,2,4,,WA_RM_2_T4,WA_RM_2,39.50450514
16356,5,67,ERS661940,2787STDY6029248,,Saccharomyces cerevisiae,NA,diploid,,,RM,1,4,,NA_RM_1_T4,NA_RM_1,39.16405139
16356,5,68,ERS661941,2787STDY6029249,,Saccharomyces cerevisiae,NA,diploid,,,RM,2,4,,NA_RM_2_T4,NA_RM_2,38.74231472
16356,6,3,ERS661954,2787STDY6029262,,Saccharomyces cerevisiae,WA,diploid,,,HU,1,8,,WA_HU_1_T8,WA_HU_1,21.38583184
16356,6,4,ERS661955,2787STDY6029263,,Saccharomyces cerevisiae,WA,diploid,,,HU,2,8,,WA_HU_2_T8,WA_HU_2,20.13757078
16356,6,9,ERS661960,2787STDY6029268,,Saccharomyces cerevisiae,NA,diploid,,,HU,1,8,,NA_HU_1_T8,NA_HU_1,46.22259588
16356,6,10,ERS661961,2787STDY6029269,,Saccharomyces cerevisiae,NA,diploid,,,HU,2,8,,NA_HU_2_T8,NA_HU_2,24.02208611
16356,6,19,ERS661970,2787STDY6029279,,Saccharomyces cerevisiae,WA,diploid,,,RM,1,8,,WA_RM_1_T8,WA_RM_1,44.93685772
16356,6,20,ERS661971,2787STDY6029280,,Saccharomyces cerevisiae,WA,diploid,,,RM,2,8,,WA_RM_2_T8,WA_RM_2,44.37693962
16356,6,25,ERS661976,2787STDY6029285,,Saccharomyces cerevisiae,NA,diploid,,,RM,1,8,,NA_RM_1_T8,NA_RM_1,46.1354239
16356,6,26,ERS661977,2787STDY6029286,,Saccharomyces cerevisiae,NA,diploid,,,RM,2,8,,NA_RM_2_T8,NA_RM_2,41.91321867
16356,6,39,ERS661990,2787STDY6029299,,Saccharomyces cerevisiae,WA,diploid,,,HU,1,16,,WA_HU_1_T16,WA_HU_1,16.84326782
16356,6,40,ERS661991,2787STDY6029300,,Saccharomyces cerevisiae,WA,diploid,,,HU,2,16,,WA_HU_2_T16,WA_HU_2,13.61013704
16356,6,45,ERS661996,2787STDY6029305,,Saccharomyces cerevisiae,NA,diploid,,,HU,1,16,,NA_HU_1_T16,NA_HU_1,28.53780013
16356,6,46,ERS661997,2787STDY6029306,,Saccharomyces cerevisiae,NA,diploid,,,HU,2,16,,NA_HU_2_T16,NA_HU_2,17.15232844
16356,6,55,ERS662006,2787STDY6029315,,Saccharomyces cerevisiae,WA,diploid,,,RM,1,16,,WA_RM_1_T16,WA_RM_1,49.45317149
16356,6,56,ERS662007,2787STDY6029316,,Saccharomyces cerevisiae,WA,diploid,,,RM,2,16,,WA_RM_2_T16,WA_RM_2,49.66085453
16356,6,61,ERS662012,2787STDY6029321,,Saccharomyces cerevisiae,NA,diploid,,,RM,1,16,,NA_RM_1_T16,NA_RM_1,45.56366914
16356,6,62,ERS662013,2787STDY6029322,,Saccharomyces cerevisiae,NA,diploid,,,RM,2,16,,NA_RM_2_T16,NA_RM_2,43.79226635
16356,6,75,ERS662026,2787STDY6029335,,Saccharomyces cerevisiae,WA,diploid,,,HU,1,32,,WA_HU_1_T32,WA_HU_1,22.99019115
16356,6,76,ERS662027,2787STDY6029336,,Saccharomyces cerevisiae,WA,diploid,,,HU,2,32,,WA_HU_2_T32,WA_HU_2,31.70557536
16356,7,3,ERS662032,2787STDY6029341,,Saccharomyces cerevisiae,NA,diploid,,,HU,1,32,,NA_HU_1_T32,NA_HU_1,49.27411074
16356,7,4,ERS662033,2787STDY6029342,,Saccharomyces cerevisiae,NA,diploid,,,HU,2,32,,NA_HU_2_T32,NA_HU_2,46.98914561
16356,7,13,ERS662042,2787STDY6029351,,Saccharomyces cerevisiae,WA,diploid,,,RM,1,32,,WA_RM_1_T32,WA_RM_1,45.72310967
16356,7,14,ERS662043,2787STDY6029352,,Saccharomyces cerevisiae,WA,diploid,,,RM,2,32,,WA_RM_2_T32,WA_RM_2,46.15864117
16356,7,19,ERS662048,2787STDY6029357,,Saccharomyces cerevisiae,NA,diploid,,,RM,1,32,,NA_RM_1_T32,NA_RM_1,44.10358656
16356,7,20,ERS662049,2787STDY6029358,,Saccharomyces cerevisiae,NA,diploid,,,RM,2,32,,NA_RM_2_T32,NA_RM_2,42.87250712
16549,4,9,ERS661882,2787STDY6029190,,Saccharomyces cerevisiae,WA,diploid,,,HU,1,2,,WA_HU_1_T2,WA_HU_1,37.0752057
16549,4,10,ERS661883,2787STDY6029191,,Saccharomyces cerevisiae,WA,diploid,,,HU,2,2,,WA_HU_2_T2,WA_HU_2,38.86270422
16549,4,15,ERS661888,2787STDY6029196,,Saccharomyces cerevisiae,NA,diploid,,,HU,1,2,,NA_HU_1_T2,NA_HU_1,51.5923144
16549,4,16,ERS661889,2787STDY6029197,,Saccharomyces cerevisiae,NA,diploid,,,HU,2,2,,NA_HU_2_T2,NA_HU_2,53.67749912
16549,4,25,ERS661898,2787STDY6029206,,Saccharomyces cerevisiae,WA,diploid,,,RM,1,2,,WA_RM_1_T2,WA_RM_1,42.9473365
16549,4,26,ERS661899,2787STDY6029207,,Saccharomyces cerevisiae,WA,diploid,,,RM,2,2,,WA_RM_2_T2,WA_RM_2,43.10604689
16549,4,31,ERS661904,2787STDY6029212,,Saccharomyces cerevisiae,NA,diploid,,,RM,1,2,,NA_RM_1_T2,NA_RM_1,45.92718661
16549,4,32,ERS661905,2787STDY6029213,,Saccharomyces cerevisiae,NA,diploid,,,RM,2,2,,NA_RM_2_T2,NA_RM_2,48.29191322
16549,4,45,ERS661918,2787STDY6029226,,Saccharomyces cerevisiae,WA,diploid,,,HU,1,4,,WA_HU_1_T4,WA_HU_1,29.39846681
16549,4,46,ERS661919,2787STDY6029227,,Saccharomyces cerevisiae,WA,diploid,,,HU,2,4,,WA_HU_2_T4,WA_HU_2,40.22420205
16549,4,51,ERS661924,2787STDY6029232,,Saccharomyces cerevisiae,NA,diploid,,,HU,1,4,,NA_HU_1_T4,NA_HU_1,41.53814651
16549,4,52,ERS661925,2787STDY6029233,,Saccharomyces cerevisiae,NA,diploid,,,HU,2,4,,NA_HU_2_T4,NA_HU_2,42.96735652
16549,4,61,ERS661934,2787STDY6029242,,Saccharomyces cerevisiae,WA,diploid,,,RM,1,4,,WA_RM_1_T4,WA_RM_1,38.57618883
16549,4,62,ERS661935,2787STDY6029243,,Saccharomyces cerevisiae,WA,diploid,,,RM,2,4,,WA_RM_2_T4,WA_RM_2,44.30442923
16549,4,67,ERS661940,2787STDY6029248,,Saccharomyces cerevisiae,NA,diploid,,,RM,1,4,,NA_RM_1_T4,NA_RM_1,41.82215089
16549,4,68,ERS661941,2787STDY6029249,,Saccharomyces cerevisiae,NA,diploid,,,RM,2,4,,NA_RM_2_T4,NA_RM_2,43.03390024
16549,5,3,ERS661954,2787STDY6029262,,Saccharomyces cerevisiae,WA,diploid,,,HU,1,8,,WA_HU_1_T8,WA_HU_1,23.78950025
16549,5,4,ERS661955,2787STDY6029263,,Saccharomyces cerevisiae,WA,diploid,,,HU,2,8,,WA_HU_2_T8,WA_HU_2,21.98438361
16549,5,9,ERS661960,2787STDY6029268,,Saccharomyces cerevisiae,NA,diploid,,,HU,1,8,,NA_HU_1_T8,NA_HU_1,47.16862891
16549,5,10,ERS661961,2787STDY6029269,,Saccharomyces cerevisiae,NA,diploid,,,HU,2,8,,NA_HU_2_T8,NA_HU_2,27.94004347
16549,5,19,ERS661970,2787STDY6029279,,Saccharomyces cerevisiae,WA,diploid,,,RM,1,8,,WA_RM_1_T8,WA_RM_1,44.10719785
16549,5,20,ERS661971,2787STDY6029280,,Saccharomyces cerevisiae,WA,diploid,,,RM,2,8,,WA_RM_2_T8,WA_RM_2,44.14166541
16549,5,25,ERS661976,2787STDY6029285,,Saccharomyces cerevisiae,NA,diploid,,,RM,1,8,,NA_RM_1_T8,NA_RM_1,45.33350375
16549,5,26,ERS661977,2787STDY6029286,,Saccharomyces cerevisiae,NA,diploid,,,RM,2,8,,NA_RM_2_T8,NA_RM_2,42.65345456
16549,5,39,ERS661990,2787STDY6029299,,Saccharomyces cerevisiae,WA,diploid,,,HU,1,16,,WA_HU_1_T16,WA_HU_1,18.41268354
16549,5,40,ERS661991,2787STDY6029300,,Saccharomyces cerevisiae,WA,diploid,,,HU,2,16,,WA_HU_2_T16,WA_HU_2,15.0988527
16549,5,45,ERS661996,2787STDY6029305,,Saccharomyces cerevisiae,NA,diploid,,,HU,1,16,,NA_HU_1_T16,NA_HU_1,28.83281198
16549,5,46,ERS661997,2787STDY6029306,,Saccharomyces cerevisiae,NA,diploid,,,HU,2,16,,NA_HU_2_T16,NA_HU_2,18.05861307
16549,5,55,ERS662006,2787STDY6029315,,Saccharomyces cerevisiae,WA,diploid,,,RM,1,16,,WA_RM_1_T16,WA_RM_1,48.41690595
16549,5,56,ERS662007,2787STDY6029316,,Saccharomyces cerevisiae,WA,diploid,,,RM,2,16,,WA_RM_2_T16,WA_RM_2,49.23341312
16549,5,61,ERS662012,2787STDY6029321,,Saccharomyces cerevisiae,NA,diploid,,,RM,1,16,,NA_RM_1_T16,NA_RM_1,46.17469916
16549,5,62,ERS662013,2787STDY6029322,,Saccharomyces cerevisiae,NA,diploid,,,RM,2,16,,NA_RM_2_T16,NA_RM_2,45.43503229
16549,5,75,ERS662026,2787STDY6029335,,Saccharomyces cerevisiae,WA,diploid,,,HU,1,32,,WA_HU_1_T32,WA_HU_1,26.44215438
16549,5,76,ERS662027,2787STDY6029336,,Saccharomyces cerevisiae,WA,diploid,,,HU,2,32,,WA_HU_2_T32,WA_HU_2,33.90245346
16549,6,3,ERS662032,2787STDY6029341,,Saccharomyces cerevisiae,NA,diploid,,,HU,1,32,,NA_HU_1_T32,NA_HU_1,54.32388568
16549,6,4,ERS662033,2787STDY6029342,,Saccharomyces cerevisiae,NA,diploid,,,HU,2,32,,NA_HU_2_T32,NA_HU_2,50.13043194
16549,6,13,ERS662042,2787STDY6029351,,Saccharomyces cerevisiae,WA,diploid,,,RM,1,32,,WA_RM_1_T32,WA_RM_1,49.06937753
16549,6,14,ERS662043,2787STDY6029352,,Saccharomyces cerevisiae,WA,diploid,,,RM,2,32,,WA_RM_2_T32,WA_RM_2,49.73786774
16549,6,19,ERS662048,2787STDY6029357,,Saccharomyces cerevisiae,NA,diploid,,,RM,1,32,,NA_RM_1_T32,NA_RM_1,46.81671668
16549,6,20,ERS662049,2787STDY6029358,,Saccharomyces cerevisiae,NA,diploid,,,RM,2,32,,NA_RM_2_T32,NA_RM_2,46.53233024
,,,,,,Saccharomyces cerevisiae,NA_YPS128,haploid,,,,,,,NA_YPS128,NA_YPS128,48.06474373
,,,,,,Saccharomyces cerevisiae,WA_DBVPG6044,haploid,,,,,,,WA_DBVPG6044,WA_DBVPG6044,24.65909059